<Client>
	<DeviceId>
		<DisplayName>Philips Streamium MCi730</DisplayName>
		<DeviceDescriptionRecognition>
			<DescriptionText>Philips Wi-Fi component Hi-Fi system</DescriptionText>
			<DescriptionText>MCi</DescriptionText>
			<DescriptionText>730</DescriptionText>
		</DeviceDescriptionRecognition>
		<MappingUpdatePolicy>FIX</MappingUpdatePolicy>
	</DeviceId>
	<Capabilities>
		<Scaling>
			<Target>JPEG42x42</Target>
			<Target>JPEG320x240</Target>
			<Target>JPEG640x480</Target>
		</Scaling>
		<SupportedMediaProfiles>
			<Profile>AASCALE#JPEG320x320</Profile>
		</SupportedMediaProfiles>
	</Capabilities>
	<Adaptations>
		<DLNA>
			<Version>DLNA10</Version>
		</DLNA>
	</Adaptations>
	<DeviceQuirks>
		<Quirk>PHILIPSSEARCH</Quirk>
	</DeviceQuirks>
</Client>
