<Client>
	<DeviceId>
		<DisplayName>Philips Streamium WAS6050</DisplayName>
		<DeviceDescriptionRecognition>
			<DescriptionText>WAS6050</DescriptionText>
		</DeviceDescriptionRecognition>
		<MappingUpdatePolicy>FIX</MappingUpdatePolicy>
	</DeviceId>
	<Capabilities>
		<MediaTypeList>
			<MediaType>MUSIC</MediaType>
		</MediaTypeList>
	</Capabilities>
	<Adaptations>
		<DLNA>
			<Version>DLNA10</Version>
		</DLNA>
	</Adaptations>
	<DeviceQuirks>
		<Quirk>PHILIPSSEARCH</Quirk>
	</DeviceQuirks>
</Client>
