<Client>
	<DeviceId>
		<DisplayName>Sony BDZ-ET1000 Recorder</DisplayName>
		<HttpRecognition>
			<HttpText>Blu-ray Disc Player</HttpText>
		</HttpRecognition>
		<DeviceDescriptionRecognition>
			<DescriptionText>BDZ-201210</DescriptionText>
			<DescriptionText>Sony Corporation</DescriptionText>
		</DeviceDescriptionRecognition>
		<MappingUpdatePolicy>FIX</MappingUpdatePolicy>
	</DeviceId>
	<Adaptations>
		<DLNA>
			<Version>DLNA15</Version>
		</DLNA>
		<HTTP>
			<UserAgent>UPnP/1.0</UserAgent>
		</HTTP>
		<DTCP>
			<AkeSocketScheme>ONE_SOCKET_SCHEME</AkeSocketScheme>
		</DTCP>			
	</Adaptations>
</Client>
