<Client>
	<DeviceId>
		<DisplayName>Apple TV</DisplayName>
		<DeviceDescriptionRecognition>
            <DescriptionText>&lt;modelDescription&gt;Airplay&lt;/modelDescription&gt;</DescriptionText>
            <DescriptionText>&lt;modelName&gt;AppleTV&lt;/modelName&gt;</DescriptionText>
		</DeviceDescriptionRecognition>
		<HttpRecognition>
			<HttpText>Apple TV</HttpText>
		</HttpRecognition>
		<MappingUpdatePolicy>FIX</MappingUpdatePolicy>
	</DeviceId>
	<DeviceQuirks>
		<Quirk>USEDIRECTURL</Quirk>
	</DeviceQuirks>
</Client>
