<Client>
	<DeviceId>
		<DisplayName>D-Link DSM510</DisplayName>
		<DeviceDescriptionRecognition>
			<DescriptionText>DSM-510</DescriptionText>
		</DeviceDescriptionRecognition>
		<MappingUpdatePolicy>FIX</MappingUpdatePolicy>
	</DeviceId>
	<Adaptations>
		<MimeTranslations>
			<MimeTypeMapping>
				<In>audio/x-aiff</In>
				<Out>audio/aiff</Out>
			</MimeTypeMapping>
			<MimeTypeMapping>
				<In>video/x-msvideo</In>
				<Out>video/avi</Out>
			</MimeTypeMapping>
			<MimeTypeMapping>
				<In>audio/x-flac</In>
				<Out>audio/flac</Out>
			</MimeTypeMapping>
			<MimeTypeMapping>
				<In>audio/L16</In>
				<Out>audio/lpcm</Out>
			</MimeTypeMapping>
			<MimeTypeMapping>
				<In>audio/mp1</In>
				<Out>audio/mpeg</Out>
			</MimeTypeMapping>
			<MimeTypeMapping>
				<In>audio/x-mpeg</In>
				<Out>audio/mpeg</Out>
			</MimeTypeMapping>
			<MimeTypeMapping>
				<In>video/mpeg</In>
				<Out>video/MP1S</Out>
			</MimeTypeMapping>
			<MimeTypeMapping>
				<In>video/mpeg2</In>
				<Out>video/mpeg</Out>
			</MimeTypeMapping>
			<MimeTypeMapping>
				<In>audio/x-wav</In>
				<Out>audio/wav</Out>
			</MimeTypeMapping>
		</MimeTranslations>
	</Adaptations>
</Client>
