<Client>
	<DeviceId>
		<DisplayName>ACTIVY Media Player</DisplayName>
		<DeviceDescriptionRecognition>
			<DescriptionText>ACTIVY</DescriptionText>
		</DeviceDescriptionRecognition>
		<MappingUpdatePolicy>FIX</MappingUpdatePolicy>
	</DeviceId>
	<Capabilities>
		<Scaling>
			<Target>JPEG120x90</Target>
			<Target>JPEG1920x1080</Target>
		</Scaling>
		<SupportedMediaProfiles>
			<Profile>MP3</Profile>
			<Profile>WAV</Profile>
			<Profile>WMV</Profile>
		</SupportedMediaProfiles>
	</Capabilities>
	<Adaptations>
		<DLNA>
			<Version>DLNA10</Version>
		</DLNA>
		<HTTP>
			<HttpSetting>chunked</HttpSetting>
		</HTTP>
	</Adaptations>
</Client>
