<Client>
  <DeviceId>
    <DisplayName>LPTT</DisplayName>
    <HttpRecognition>
      <HttpText>LPTT:</HttpText>
    </HttpRecognition>
    <MappingUpdatePolicy>FIXPC1</MappingUpdatePolicy>
  </DeviceId>
  <Adaptations>
    <DefaultView>flat</DefaultView>
    <DLNA>
      <Version>DLNA15</Version>
    </DLNA>
  </Adaptations>
  <DeviceQuirks>
    <Quirk>LINKPROT_DISABLE_NETWORKBYTESEEK</Quirk>
    <Quirk>LINKPROT_USE_MPEG_FRAME_ALIGNMENT_FOR_SEEK</Quirk>
    <Quirk>LINKPROT_CONTENTTYPE_QUOTED</Quirk>
  </DeviceQuirks>
</Client>
