<Client>
	<DeviceId>
		<DisplayName>Naim Audio Streamer</DisplayName>
			<HttpRecognition>
				<HttpText>KnOS/3.2 bridgeCo-DMP/3.0 DLNADOC/1.50 INTEL_NMPR/2.0</HttpText>
				<HttpText>iPhoneOS/5.1 UPnP/1.1 NaimUPnP/1.0</HttpText>
			</HttpRecognition>
			<MappingUpdatePolicy>FIX</MappingUpdatePolicy>
	</DeviceId>
	<Adaptations>
		<DLNA>
			<Version>DLNA15</Version>
		</DLNA>
	</Adaptations>
	<Capabilities>
		<MediaTypeList>
			<MediaType>MUSIC</MediaType>
		</MediaTypeList>
		<SupportedMediaProfiles>
			<Profile>AASCALE#JPEG1000x1000</Profile>
		</SupportedMediaProfiles>
	</Capabilities>
</Client>