<Client>
	<DeviceId>
		<DisplayName>Sonos</DisplayName>
		<HttpRecognition>
			<HttpText>Sonos</HttpText>
		</HttpRecognition>
		<MappingUpdatePolicy>FIX</MappingUpdatePolicy>
	</DeviceId>
	<Adaptations>
		<DLNA>
			<PretendServer>WMC</PretendServer>
			<DescriptionFile>devicedescription-win7.xml</DescriptionFile>
		</DLNA>
		<MimeTranslations>
				<MimeTypeSuppress>audio/x-aiff</MimeTypeSuppress>
				<MimeTypeSuppress>video/x-msvideo</MimeTypeSuppress>
				<MimeTypeSuppress>audio/x-flac</MimeTypeSuppress>
				<MimeTypeSuppress>audio/mp4</MimeTypeSuppress>
				<MimeTypeSuppress>audio/mp1</MimeTypeSuppress>
				<MimeTypeSuppress>audio/x-mpeg</MimeTypeSuppress>
				<MimeTypeSuppress>application/ogg</MimeTypeSuppress>
				<MimeTypeSuppress>image/gif</MimeTypeSuppress>
				<MimeTypeSuppress>image/png</MimeTypeSuppress>
				<MimeTypeSuppress>video/x-msvideo</MimeTypeSuppress>
				<MimeTypeSuppress>video/mpeg2</MimeTypeSuppress>
				<MimeTypeSuppress>video/mpeg</MimeTypeSuppress>
		</MimeTranslations>
	</Adaptations>
	<DeviceQuirks>
		<Quirk>REDUCED_METADATA</Quirk>
		<Quirk>FORCE_DURATION</Quirk>
		<Quirk>FORCE_4TH_FIELD</Quirk>
		<Quirk>UNLIMITED</Quirk>
		<Quirk>FORCE_VIDEOBITRATE</Quirk>
	</DeviceQuirks>
</Client>
