<s:Envelope s:encodingStyle="http://schemas.xmlsoap.org/soap/encoding/" xmlns:s="http://schemas.xmlsoap.org/soap/envelope/">
    <s:Body>
        <u:GetProtocolInfoResponse xmlns:u="urn:schemas-upnp-org:service:ConnectionManager:1">
            <Source>http-get:*:video/mpeg:DLNA.ORG_PN=MPEG_TS_NA_ISO,http-get:*:video/mpeg:DLNA.ORG_PN=MPEG_TS_SD_EU_AC3_ISO,http-get:*:video/vnd.dlna.mpeg-tts:DLNA.ORG_PN=MPEG_TS_SD_EU_AC3_T,http-get:*:video/vnd.dlna.mpeg-tts:DLNA.ORG_PN=MPEG_TS_SD_50_L2_T,http-get:*:video/vnd.dlna.mpeg-tts:DLNA.ORG_PN=MPEG_TS_SD_EU_T,http-get:*:video/vnd.dlna.mpeg-tts:DLNA.ORG_PN=MPEG_TS_SD_EU,http-get:*:video/vnd.dlna.mpeg-tts:DLNA.ORG_PN=MPEG_TS_JP_T,http-get:*:video/vnd.dlna.mpeg-tts:DLNA.ORG_PN=MPEG_TS_HD_NA_T,http-get:*:video/vnd.dlna.mpeg-tts:DLNA.ORG_PN=MPEG_TS_HD_KO_T,http-get:*:video/vnd.dlna.mpeg-tts:DLNA.ORG_PN=MPEG_TS_HD_NA,http-get:*:video/vnd.dlna.mpeg-tts:DLNA.ORG_PN=MPEG_TS_HD_KO,http-get:*:video/mpeg:DLNA.ORG_PN=AVC_TS_MP_HD_HEAAC_L2_ISO,http-get:*:video/mpeg:DLNA.ORG_PN=AVC_TS_MP_HD_EAC3_ISO,http-get:*:video/mpeg:DLNA.ORG_PN=AVC_TS_HP_HD_EAC3_ISO,http-get:*:video/mp4:DLNA.ORG_PN=AVC_MP4_BL_L3L_SD_AAC,http-get:*:video/mp4:DLNA.ORG_PN=AVC_MP4_BL_CIF30_AAC_940,http-get:*:video/mp4:DLNA.ORG_PN=AVC_MP4_BL_CIF15_AAC_520,http-get:*:video/mpeg:DLNA.ORG_PN=MPEG_TS_SD_EU_ISO,http-get:*:video/mpeg:DLNA.ORG_PN=MPEG_TS_HD_NA_ISO,http-get:*:video/mpeg:DLNA.ORG_PN=MPEG_TS_HD_KO_ISO,http-get:*:video/vnd.dlna.mpeg-tts:DLNA.ORG_PN=AVC_TS_HP_HD_AC3_T,http-get:*:video/vnd.dlna.mpeg-tts:DLNA.ORG_PN=AVC_TS_MP_HD_AC3_T,http-get:*:video/vnd.dlna.mpeg-tts:DLNA.ORG_PN=AVC_TS_NA_T,http-get:*:video/vnd.dlna.mpeg-tts:DLNA.ORG_PN=AVC_TS_HD_60_AC3_T,http-get:*:video/mpeg:DLNA.ORG_PN=AVC_TS_HP_HD_AC3_ISO,http-get:*:video/mpeg:DLNA.ORG_PN=AVC_TS_MP_HD_AC3_ISO,http-get:*:video/mpeg:DLNA.ORG_PN=AVC_TS_NA_ISO,http-get:*:video/mpeg:DLNA.ORG_PN=AVC_TS_HD_60_AC3_ISO,http-get:*:video/mpeg:DLNA.ORG_PN=MPEG_PS_PAL,http-get:*:video/mpeg:DLNA.ORG_PN=MPEG_PS_NTSC,http-get:*:video/vnd.dlna.mpeg-tts:DLNA.ORG_PN=MPEG_TS_SD_KO_T,http-get:*:video/x-ms-wmv:DLNA.ORG_PN=WMVMED_PRO,http-get:*:video/x-ms-wmv:DLNA.ORG_PN=WMVMED_FULL,http-get:*:video/x-ms-wmv:DLNA.ORG_PN=WMVHIGH_PRO,http-get:*:video/x-ms-wmv:DLNA.ORG_PN=WMVHIGH_FULL,http-get:*:video/vnd.dlna.mpeg-tts:DLNA.ORG_PN=MPEG_TS_SD_NA_T,http-get:*:video/vnd.dlna.mpeg-tts:DLNA.ORG_PN=MPEG_TS_SD_60_AC3_T,http-get:*:video/mpeg:DLNA.ORG_PN=MPEG_TS_SD_NA_ISO,http-get:*:video/mpeg:DLNA.ORG_PN=MPEG_TS_SD_KO_ISO,http-get:*:video/vnd.dlna.mpeg-tts:DLNA.ORG_PN=MPEG_TS_SD_NA,http-get:*:video/vnd.dlna.mpeg-tts:DLNA.ORG_PN=MPEG_TS_SD_KO,http-get:*:video/x-ms-wmv:DLNA.ORG_PN=WMVMED_BASE,http-get:*:image/png:DLNA.ORG_PN=PNG_LRG,http-get:*:image/jpeg:DLNA.ORG_PN=JPEG_MED,http-get:*:image/jpeg:DLNA.ORG_PN=JPEG_LRG,http-get:*:image/jpeg:DLNA.ORG_PN=JPEG_SM,http-get:*:image/jpeg:DLNA.ORG_PN=JPEG_TN,http-get:*:audio/x-ms-wma:DLNA.ORG_PN=WMAPRO,http-get:*:audio/x-ms-wma:DLNA.ORG_PN=WMAFULL,http-get:*:audio/x-ms-wma:DLNA.ORG_PN=WMABASE,http-get:*:audio/mp4:DLNA.ORG_PN=AAC_ISO_192,http-get:*:audio/mp4:DLNA.ORG_PN=AAC_ISO_320,http-get:*:audio/vnd.dlna.adts:DLNA.ORG_PN=AAC_ADTS_192,http-get:*:audio/vnd.dlna.adts:DLNA.ORG_PN=AAC_ADTS_320,http-get:*:audio/mpeg:DLNA.ORG_PN=MP3,http-get:*:audio/L16;rate=48000;channels=2:DLNA.ORG_PN=LPCM,http-get:*:audio/L16;rate=48000;channels=1:DLNA.ORG_PN=LPCM,http-get:*:audio/L16;rate=44100;channels=2:DLNA.ORG_PN=LPCM,http-get:*:audio/L16;rate=44100;channels=1:DLNA.ORG_PN=LPCM,http-get:*:image/jpeg:*,http-get:*:audio/x-wav:*,http-get:*:audio/mp4:*</Source>
            <Sink></Sink>
        </u:GetProtocolInfoResponse>
    </s:Body>
</s:Envelope> 