<Client>
	<DeviceId>
		<DisplayName>Samsung TV</DisplayName>
		<DeviceDescriptionRecognition>
			<DescriptionText>Samsung DTV</DescriptionText>
		</DeviceDescriptionRecognition>
		<MappingUpdatePolicy>FIX</MappingUpdatePolicy>
	</DeviceId>
	<Adaptations>
		<DLNA>
			<Version>DLNA15</Version>
			<PretendServer>SAMSUNGFEATLIST</PretendServer>
		</DLNA>
		<HTTP>
			<HttpSetting>chunked</HttpSetting>
		</HTTP>
		<MimeTranslations>
			<MimeTypeMapping>
				<In>video/x-matroska</In>
				<Out>video/x-mkv</Out>
			</MimeTypeMapping>
			<MimeTypeMapping>
				<In>video/mpeg2</In>
				<Out>video/mpeg</Out>
			</MimeTypeMapping>
			<MimeTypeMapping>
				<In>video/quicktime</In>
				<Out>video/mp4</Out>
			</MimeTypeMapping>
			<MimeTypeSuppress>audio/x-wav</MimeTypeSuppress>
			<MimeTypeSuppress>audio/wav</MimeTypeSuppress>
			<MimeTypeSuppress>audio/wave</MimeTypeSuppress>
		</MimeTranslations>
		<ExtraProtocolInfo>http-get:*:video/x-msvideo:*,http-get:*:video/quicktime:*</ExtraProtocolInfo>
	</Adaptations>
	<DeviceQuirks>
		<Quirk>NEEDS_THUMBNAIL_CI_FLAG</Quirk>
		<Quirk>KEEP_RES_4_THUMBNAIL</Quirk>
		<Quirk>REDUCED_METADATA</Quirk>
		<Quirk>NEEDS_OP01_ON_TRANSCODED_FILES</Quirk>
		<Quirk>SUPPRESS_SEEK_ON_GROWING_FILES</Quirk>
		<Quirk>FORCE_DURATION</Quirk>
		<Quirk>FORCE_4TH_FIELD</Quirk>
		<Quirk>RES_ADD_FLAG</Quirk>
		<Quirk>TUNER_SAMSUNG</Quirk>
		<Quirk>POLL_RCS_PARAM</Quirk>
	</DeviceQuirks>
</Client>
