<Client>
	<DeviceId>
		<DisplayName>WinCE based Client</DisplayName>
		<HttpRecognition>
			<HttpText>Windows CE</HttpText>
		</HttpRecognition>
		<MappingUpdatePolicy>FIX</MappingUpdatePolicy>
	</DeviceId>
	<Capabilities>
		<Scaling>
			<Target>JPEG800x600</Target>
		</Scaling>
		<SupportedMediaProfiles>
			<Profile>MP3</Profile>
			<Profile>WAV</Profile>
			<Profile>WMV</Profile>
		</SupportedMediaProfiles>
	</Capabilities>
	<Adaptations>
		<DLNA>
			<PretendServer>WMC</PretendServer>
			<Version>DLNANO</Version>
		</DLNA>
	</Adaptations>
	<DeviceQuirks>
		<Quirk>STOP_WORKAROUND</Quirk>
	</DeviceQuirks>
</Client>
