<Client>
	<DeviceId>
		<!-- This entry for WMP 12 on Win7 if its renderer is activated -->
		<DisplayName>Windows Media Player</DisplayName>
		<DeviceDescriptionRecognition>
			<DescriptionText>Windows Media Player</DescriptionText>
		</DeviceDescriptionRecognition>
		<!-- If remote control is disabled, WMP is only fired up as player, not as renderer -->
		<HttpRecognition>
			<HttpText>Windows-Media-Player</HttpText>
		</HttpRecognition>
		<MappingUpdatePolicy>FIXPC3</MappingUpdatePolicy>
	</DeviceId>
	<Adaptations>
		<DLNA>
			<Version>DLNA15</Version>
			<DescriptionFile>devicedescription-win7.xml</DescriptionFile>
		</DLNA>
	</Adaptations>
	<DeviceQuirks>
		<Quirk>STOP_WORKAROUND</Quirk>
		<Quirk>UNLIMITED</Quirk>
		<Quirk>FILTER_BAD_CHARS</Quirk>
	</DeviceQuirks>
</Client>
