<Client>
	<DeviceId>
		<!-- This entry for WMC 12 on Win7 if its renderer is activated -->
		<DisplayName>Windows Media Connect</DisplayName>
		<DeviceDescriptionRecognition>
			<DescriptionText>Windows Media Player Sharing</DescriptionText>
		</DeviceDescriptionRecognition>
		<MappingUpdatePolicy>FIXPC3</MappingUpdatePolicy>
	</DeviceId>
	<Adaptations>
		<DLNA>
			<Version>DLNA15</Version>
			<DescriptionFile>devicedescription-win7.xml</DescriptionFile>
		</DLNA>
	</Adaptations>
	<DeviceQuirks>
		<Quirk>STOP_WORKAROUND</Quirk>
		<Quirk>UNLIMITED</Quirk>
		<Quirk>FILTER_BAD_CHARS</Quirk>
	</DeviceQuirks>
</Client>
