{
 "activestreams": {"value": "Diffusion"},
 "activitystatus": {"value": "État de l’activité"},
 "add_new_user": {"value": "Ajouter un nouvel utilisateur"},
 "add_share": {"value": "Ajouter un dossier"},
 "addnewfolder": {"value": "Ajouter un nouveau dossier"},
 "advanced": {"value": "Paramètres avancés"},
 "advanceddefault": {"value": "Navigation multimédia avancée"},
 "advanceddefaultcaption": {"value": "Un accès meilleur et plus rapide pour grandes bibliothèques"},
 "aggregate": {"value": "Regrouper"},
 "aggregatecaption": {"value": "Énumérer tous les éléments de contenu regroupés dans l’arborescence de navigation du serveur de regroupement sans copier les fichiers."},
 "aggregaterecommended": {"value": "Utilisateurs ayant plusieurs serveurs, étant toujours connectés et disponibles sur le réseau."},
 "aggregation": {"value": "Regroupement"},
 "aggregationcaption": {"value": "Lorsque le regroupement est activé, Twonky Server recueille des informations de tout autre serveur utilisant Twonky Server ou le lecteur Windows Media et présente tous les contenus multimédias de votre réseau sur un affichage complet. Cette fonction élimine le besoin d&rsquo;alterner entre différents serveurs lors de la recherche d&rsquo;éléments multimédia spécifiques. Twonky Server masque automatiquement les doublons."},
 "aggregationmode": {"value": "Mode de regroupement"},
 "aggregationmodecaption": {"value": "Mode par défaut pour les nouveaux serveurs."},
 "aggservers": {"value": "Serveurs de regroupement"},
 "aggserverscaption": {"value": "La liste ci-dessous énumère les Twonky Servers de votre réseau domestique qui recueillent des informations auprès d’autres serveurs afin de présenter une vue complète de tous les contenus multimédias disponibles. Pour protéger votre confidentialité, par défaut, ces serveurs de regroupement ne peuvent accéder au contenu multimédia partagé par ce serveur. Si votre contenu multimédia doit être visible dans la vue complète, vous devez octroyer un accès à un ou plusieurs serveurs de regroupement de la liste ci-dessous. "},
 "album": {"value": "Album :"},
 "allcontenttypes": {"value": "Tous les types de contenus"},
 "any": {"value": "Tout(e)"},
 "artist": {"value": "Artiste :"},
 "availableservers": {"value": "Serveurs disponibles"},
 "availableserverscaption": {"value": "Liste de serveurs de votre réseau domestique pouvant être regroupés par Twonky Server. Pour chaque serveur, vous devez sélectionner le type de contenu multimédia devant être regroupé, ainsi que le mode de regroupement."},
 "browse": {"value": "Parcourir"},
 "builddate": {"value": "Date de version du serveur"},
 "byfolder": {"value": "Par dossier"},
 "byfoldercaption": {"value": "Utilise votre structure de dossiers"},
 "cachemem": {"value": "Mémoire cache"},
 "cancel": {"value": "Annuler"},
 "cdkey": {"value": "Clé d’inscription"},
 "clearcache": {"value": "Effacer la mémoire cache"},
 "clearlogfile": {"value": "Effacer le fichier journal"},
 "clientreset": {"value": "L’actualisation de la liste de clients est en cours. Veuillez patienter."},
 "compilationcaption": {"value": "Énumérez les dossiers devant être traités à titre de compilation musicale. Utilisez des virgules pour séparer les dossiers."},
 "compilationdirs": {"value": "Dossiers de compilation"},
 "connect": {"value": "Suivez-nous"},
 "connectionissue": {"value": "Pour utiliser le serveur, vous devez conserver votre connexion Internet."},
 "copyright": {"value": "&copy; 2004-2013 PacketVideo Corporation. Tous droits réservés."},
 "days": {"value": "jours"},
 "daysremaining": {"value": "jours restants avant la fin de votre évaluation."},
 "delete": {"value": "Supprimer"},
 "detailedstatus": {"value": "Etat détaillé"},
 "dialog_admin_acc_could_not_update": {"value": "Impossible de mettre à jour le compte d’administrateur."},
 "dialog_delete_user": {"value": "La suppression de &quot;{0}&quot; définira un accès anonyme aux dossiers associés à &quot;{1}&quot;.. Si vous confirmez l’opération, la synchronisation de ces dossiers ne nécessitera aucune authentification."},
 "dialog_enter_alias_name": {"value": "Veuillez saisir un pseudonyme."},
 "dialog_enter_share_dir": {"value": "Veuillez saisir un répertoire."},
 "dialog_enter_valid_pw": {"value": "Veuillez saisir un mot de passe valide."},
 "dialog_enter_valid_un": {"value": "Veuillez saisir un nom d’utilisateur valide."},
 "dialog_failed_delete_share": {"value": "Impossible de supprimer le partage."},
 "dialog_failed_to_rem_usr_rights": {"value": "Impossible de supprimer les droits d’utilisateur."},
 "dialog_invalid_share_name_1": {"value": "Nom court non valide. Le nom court doit se composer d’un seul mot et ne peut avoir plusieurs &rsquo;{0}&rsquo;  entre les mots."},
 "dialog_invalid_share_name_2": {"value": "Nom court non valide. Le nom court doit se composer d’un seul mot et ne peut contenir de &rsquo;{0}&rsquo;."},
 "dialog_invalid_share_path": {"value": "Chemin d’accès non valide."},
 "dialog_portaldisassociatefree": {"value": "Déconnecter ce serveur de votre compte Twonky désactivera la fonctionnalité du serveur.</br></br>Voulez-vous vraiment déconnecter ce compte ?"},
 "dialog_portaldisassociatepremium": {"value": "Déconnecter ce serveur de votre compte Twonky supprimera certaines fonctions de votre serveur.</br></br>Voulez-vous vraiment déconnecter ce compte ?"},
 "dialog_reserve_user_name": {"value": "&quot;{0}&quot; ne peut être utilisé comme nom d’utilisateur."},
 "dialog_server_req_failed": {"value": "Impossible de récupérer des informations de Twonky Server."},
 "dialog_share_added_success": {"value": "Le dossier a été ajouté."},
 "dialog_user_add_success": {"value": "L’utilisateur a été ajouté."},
 "discardchanges": {"value": "Éliminer les modifications."},
 "enable": {"value": "Activer"},
 "enableaggregation": {"value": "Activer le regroupement"},
 "enablelogging": {"value": "Activer la journalisation"},
 "enablesharing": {"value": "Activer le partage automatique pour les nouveaux récepteurs multimédias."},
 "enter": {"value": "Entrée"},
 "enter_valid_pw": {"value": "Saisissez un mot de passe valide"},
 "enter_valid_un": {"value": "Saisissez un nom d’utilisateur valide"},
 "facebook": {"value": "Facebook"},
 "faqs": {"value": "FAQ"},
 "filesize": {"value": "Taille du fichier :"},
 "format": {"value": "Format :"},
 "freeserver": {"value": "Twonky"},
 "friendlyname": {"value": "Nom convivial"},
 "genre": {"value": "Genre :"},
 "gethelp": {"value": "Aide"},
 "here": {"value": "ici"},
 "hide": {"value": "Masquer"},
 "hours": {"value": "heures"},
 "ignore": {"value": "Ignorer"},
 "ignorecaption": {"value": "Ne rien faire avec un serveur nouvellement découvert."},
 "ignorerecommended": {"value": "Utilisateurs désirant définir différents paramètres pour chaque serveur de leur réseau."},
 "inminutes": {"value": "en minutes"},
 "ip": {"value": "IP"},
 "ipodlike": {"value": "Type iPod"},
 "ipodlikecaption": {"value": "Meilleur pour les personnes plus à l’aise avec une structure iPod"},
 "language": {"value": "Langue"},
 "languagecaption": {"value": "Utilisé pour les paramètres et l’arborescence de navigation"},
 "lastdbchange": {"value": "Dernière mise à jour de la base de données"},
 "license1": {"value": "Version d’évaluation"},
 "license2": {"value": "Version Twonky Server"},
 "license-201": {"value": "Clé non valide"},
 "license-202": {"value": "Il est impossible d’enregistrer Twonky Server avec une licence TwonkyMusic."},
 "license-203": {"value": "Cette clé n’est pas valide pour cette version du serveur."},
 "license-204": {"value": "Cette clé n’est pas valide pour cette version du serveur."},
 "license-205": {"value": "Cette clé est déjà en cours d’utilisation par une autre occurrence du serveur."},
 "license-206": {"value": "Votre version d&rsquo;évaluation a expiré. Si vous avez déjà saisi une clé de licence, essayez de redémarrer votre appareil utilisant Twonky Server."},
 "license3": {"value": "Version Twonky Server et TwonkyManager Lite"},
 "license4": {"value": "Version Twonky Server et TwonkyManager Full"},
 "licenseinfo": {"value": "Informations de licence"},
 "licensekey": {"value": "Clé de licence"},
 "licensekeycaption": {"value": "Pour activer ce logiciel, vous devez saisir une clé de licence appropriée. Si aucune clé de licence ne vous a été fournie, vous pouvez en obtenir une sur www.twonky.com."},
 "licensinginfo": {"value": "Informations de licence"},
 "local_folder": {"value": "Dossier local"},
 "local_syncfolder_desc": {"value": "<b>Dossier local :</b> Saisissez le chemin d’accès du dossier dans cet ordinateur. Par exemple, &quot;c:\\videos&quot;."},
 "loggedinas": {"value": "Vous avez ouvert une session comme"},
 "logging": {"value": "Journalisation"},
 "login": {"value": "Connexion"},
 "loginneededcaption": {"value": "Votre compte Twonky a été activé, mais vous n’êtes pas connecté(e)."},
 "mac": {"value": "MAC"},
 "mediareceivers": {"value": "Récepteurs multimédias"},
 "minutes": {"value": "minutes"},
 "mirror": {"value": "CopieAuto"},
 "mirrorcaption": {"value": "Crée des copies d’éléments de contenu se trouvant dans d’autres serveurs, qui sont ensuite enregistrées sur cet appareil afin que ces fichiers multimédias soient disponibles même lorsque le serveur d’origine n’est pas sur le réseau."},
 "mirrorrecommended": {"value": "Utilisateurs ayant des serveurs pouvant temporairement quitter le réseau, notamment un serveur sur un ordinateur portable ou sur un téléphone mobile. Grâce à cette option, les utilisateurs Twonky Mobile peuvent automatiquement copier des photos, des vidéos et de la musique de leur appareil Apple ou Android sur leur serveur domestique."},
 "mobile": {"value": "Mobile"},
 "mobilecaption": {"value": "Meilleur pour les appareils mobiles"},
 "mpeglicense": {"value": "Technologie de codage audio MPEG Layer-3 sous licence de Fraunhofer IIS et Thomson."},
 "music": {"value": "Musique"},
 "myexperience": {"value": "Améliorer mon expérience"},
 "myexperience_desc": {"value": "Vous avez la possibilité de nous aider à améliorer votre expérience avec nos produits en permettant à ce produit Twonky de nous envoyer des informations sur la manière dont il est utilisé et sur les types d&rsquo;appareils dont vous disposez chez vous. Ces renseignements ne contiennent aucune information permettant de vous identifier ou d’identifier le contenu multimédia que vous lisez. PacketVideo ne partage ces informations avec aucune autre société, ces dernières n&rsquo;étant utilisées que sous forme résumée afin de proposer des produits de meilleure qualité.<br><br>La participation au programme &laquo; Commentaires d&rsquo;utilisateurs sur leur expérience &raquo; est libre. Vous pouvez choisir d&rsquo;y participer ou d&rsquo;arrêter votre participation à tout moment."},
 "mylibrary": {"value": "Ma bibliothèque"},
 "mytwonky.com": {"value": "Twonky.com"},
 "mytwonkyaccount": {"value": "compte Twonky"},
 "navtree": {"value": "Arborescence de navigation"},
 "navtreecaption": {"value": "Le paramètre suivant sera utilisé comme valeur par défaut pour tous les nouveaux récepteurs multimédias. Les valeurs individuelles de chaque récepteur multimédia peuvent être définies dans Partage – Récepteurs multimédias."},
 "navtype": {"value": "Type de navigation"},
 "networkinterfaces": {"value": "Interfaces de réseau"},
 "nicrestart": {"value": "Redémarrer lors de changements réseau"},
 "nicrestartcaption": {"value": "Activer/Désactiver le redémarrage dynamique du serveur lors de chaque changement réseau. À noter que le redémarrage du serveur entraînera une interruption du flux !"},
 "no": {"value": "Non"},
 "no_syncfolders": {"value": "Vous n’avez sélectionné aucun dossier de ce serveur pour la synchronisation. Vous pouvez sélectionner les dossiers ci-dessous."},
 "no_user_added": {"value": "Aucun compte d’utilisateur n’a été créé pour la synchronisation. Pour en créer un, vous n’avez qu’à cliquer ci-dessous sur le bouton &quot;Ajouter un nouvel utilisateur&quot;."},
 "noactivestreams": {"value": "Pas en diffusion"},
 "nomusic": {"value": "Aucune musique à afficher."},
 "nophotos": {"value": "Aucune photo à afficher."},
 "notchanged": {"value": "Certains de vos changements ne peuvent pas être enregistrés."},
 "novideos": {"value": "Aucune vidéo à afficher."},
 "of": {"value": "de"},
 "ok": {"value": "OK"},
 "onlineservices": {"value":"Services en lignes"}, 
 "parentdir": {"value": "Dossier parent"},
 "password": {"value": "Mot de passe"},
 "photo": {"value": "Photo"},
 "photos": {"value": "Photos"},
 "play": {"value": "Lire"},
 "pleaselogin": {"value": "S'il vous plaît visitez myTwonky"},
 "portalconnecting": {"value": "Vérification d’état en cours…"},
 "portaldisabled": {"value": "Portail désactivé"},
 "portaldisassociate": {"value": "Se déconnecter de ce compte"},
 "premiumserver": {"value": "Twonky Server Premium"},
 "receivertype": {"value": "Type de récepteur multimédia"},
 "recommendedfor": {"value": "Recommandé pour"},
 "registerserver": {"value": "Enregistrer le serveur"},
 "registrationoptional": {"value": "Enregistrer votre serveur"},
 "registrationoptionalcaption": {"value": "Votre Twonky Server a été installé, mais il n’est pas connecté à Services en lignes. Si vous l’enregistrez, vous aurez accès à un plus grand nombre de fonctions."},
 "registrationrequired": {"value": "Enregistrement nécessaire"},
 "registrationrequiredcaption": {"value": "Votre Twonky Server a été installé, mais il n’a pas été activé. Pour activer votre Twonky Server, veuillez-vous connecter ou enregistrez-vous sur myTwonky.com. Sans cet enregistrement, votre serveur ne sera pas opérationnel."},
 "reload_config": {"value": "Recharger la configuration"},
 "reload_failed": {"value": "Impossible de recharger. Veuillez essayer de nouveau plus tard."},
 "removablemedia": {"value": "Contenu multimédia amovible"},
 "removablemediacaption": {"value": "Si vous activez cette fonction, Twonky Server partagera automatiquement tous les fichiers multimédias d’un appareil multimédia amovible, comme une clé USB. Lorsque vous débrancherez l’appareil, les fichiers multimédias n’apparaîtront plus sur le serveur."},
 "renewlicense": {"value": "Vous devez visiter myTwonky.com dans {0} heures et {1} minutes pour renouveler votre licence."},
 "renewlicenseindays": {"value": "Vous devez visiter myTwonky.com dans les prochains {0} jours pour renouveler votre licence."},
 "rescancaption": {"value": "Cette option précise le comportement de nouvelle analyse du serveur. Si sa valeur est 0, les nouvelles analyses automatiques sont désactivées. Une valeur positive définit un intervalle, en minutes, entre les nouvelles analyses des dossiers de contenu. La valeur -1 permet au serveur de surveiller automatiquement les dossiers de contenu pour détecter l’arrivée de nouveau contenu sans que de nouvelles analyses soient nécessaires."},
 "rescancontent": {"value": "Relancer l&rsquo;analyse des dossiers de contenu"},
 "rescaninterval": {"value": "Intervalle de nouvelle analyse"},
 "resetdefaults": {"value": "Rétablir les valeurs par défaut"},
 "resetlist": {"value": "Réinitialiser la liste"},
 "resetprompt": {"value": "Rétablir toutes les valeurs par défaut des paramètres ? Cette opération ne pourra être annulée."},
 "restartpending": {"value": "Redémarrage du serveur en attente"},
 "restartprompt": {"value": "Veuillez prendre note que certaines modifications entreront en vigueur uniquement après le redémarrage d’un serveur.<br /><br />Désirez-vous exécuter un redémarrage maintenant ?"},
 "restartserver": {"value": "Redémarrer le serveur"},
 "rights": {"value": "Droits"},
 "rights_desc": {"value": "<b>Droits :</b> Vous pouvez définir des droits d’accès au dossier. Choisissez lecture et écriture ou lecture seulement."},
 "rmautoshare": {"value": "Partage automatique du contenu multimédia amovible"},
 "savechanges": {"value": "Enregistrer les modifications"},
 "saveprompt": {"value": "Vous avez fait des modifications qui n’ont pas été enregistrées. Souhaitez-vous enregistrer ou annuler ces modifications ?"},
 "seconds": {"value": "secondes"},
 "securedcaption": {"value": "Vous pouvez protéger les pages de paramètres de Twonky Server, ainsi que l’accès aux synchronisations, à l’aide d’un nom d’utilisateur et d’un mot de passe. "},
 "securedserversettings": {"value": "Paramètres de serveur protégés"},
 "select": {"value": "Sélectionner"},
 "selectfolder": {"value": "Sélectionner un dossier à partager"},
 "selectsyncfolder": {"value": "Sélectionner un dossier afin de le rendre disponible pour une synchronisation. "},
 "server_build_date": {"value": "Date de version du serveur"},
 "servermaintenance": {"value": "Maintenance du serveur"},
 "servername": {"value": "Nom du serveur"},
 "serverrestarting": {"value": "Veuillez patienter pendant le redémarrage du serveur."},
 "serversettings": {"value": "Paramètres du serveur"},
 "settings": {"value": "Paramètres"},
 "setup": {"value": "Installation"},
 "sharedfolders": {"value": "Dossiers partagés"},
 "sharedfolderscaption": {"value": "Le contenu multimédia des dossiers ci-dessous sera à la disposition des autres appareils de votre réseau. Vous pouvez limiter les types de contenu multimédia pouvant être partagés dans chaque dossier. Si vous enlevez le crochet dans la case à gauche, vous interdisez l’accès au contenu multimédia de ce dossier. <br/><br/>Si un autre serveur de votre réseau a été configuré pour afficher le contenu multimédia de tous les serveurs en une collection, vous pouvez cocher la case à droite afin que le contenu multimédia de ce dossier soit disponible pour un regroupement. Si vous désirez des informations supplémentaires sur cette fonction, allez sur le menu de regroupement."},
 "shareforagg": {"value": "Disponible pour un regroupement"},
 "sharing": {"value": "Partage"},
 "sharingCaption": {"value": "Définir le contenu multimédia qui est partagé sur votre réseau local."},
 "show": {"value": "Afficher"},
 "simpledefault": {"value": "Navigation multimédia classique"},
 "simpledefaultcaption": {"value": "Suffisant pour les petites bibliothèques"},
 "songs": {"value": "Chansons"},
 "status": {"value": "État"},
 "status_desc": {"value": "Twonky permet de synchroniser sans fil le contenu de plusieurs appareils utilisant certaines applications Twonky. Vous devrez configurer les paramètres de synchronisation de chaque application Twonky utilisant cette fonction. Sur cette page, vous pouvez configurer les dossiers de cet appareil que vous désirez rendre disponibles pour des synchronisations. Pour compléter l’installation, vous devez configurer les paramètres de synchronisation de l’autre application, par exemple Twonky Mobile. Veuillez lire les instructions disponibles dans cette application. <br/><br/>Par défaut, tous les éléments de contenu multimédia se trouvant dans les sous-dossiers \\Twonky\\Sync, à l’intérieur des dossiers par défaut de musique, d’images et vidéo de l’utilisateur, seront automatiquement disponibles pour les synchronisations.<br/><br/>Vous pouvez personnaliser vos paramètres de synchronisation ci-dessous."},
 "syncfolder_desc": {"value": "Sélectionner un dossier afin que le contenu de ce dossier soit disponible pour les applications de synchronisation."},
 "syncfolder_name": {"value": "Nom court"},
 "syncfolder_name_desc": {"value": "<b>nom court :</b> Le nom que vous utiliserez pour trouver le contenu de ce dossier avec votre application de synchronisation. Par exemple, &quot;Mes vidéos&quot;."},
 "syncfolder_new_share_info": {"value": "Saisir les informations pour sélectionner un nouveau dossier pour une synchronisation :"},
 "syncfolders": {"value": "Dossiers accessibles pour une synchronisation"},
 "synchronization": {"value": "Synchronisation"},
 "syncurl": {"value": "Adresse URL du serveur de synchronisation"},
 "twitter": {"value": "Twitter"},
 "twonky.com": {"value": "Twonky.com"},
 "twonkyforums": {"value": "Forum Twonky"},
 "Twonky Server": {"value": "Twonky Server"},
 "Twonky Servertextpart2": {"value": "Special"},
 "update": {"value": "Mise à jour"},
 "uptime": {"value": "Durée d’activité du serveur"},
 "user_name_desc": {"value": "<b>Nom d’utilisateur :</b> Vous pouvez saisir un compte d’utilisateur unique afin de demander un nom d’utilisateur et un mot de passe pour protéger l’accès à votre contenu. Si vous désirez permettre un accès ouvert sans demander de nom d’utilisateur ni de mot de passe, sélectionnez &quot;N’importe qui&quot; dans la liste d’utilisateurs."},
 "username": {"value": "Nom d’utilisateur"},
 "users": {"value": "Utilisateurs"},
 "users_desc": {"value": " Les comptes d&rsquo;utilisateur sont utilisés pour contrôler l&rsquo;accès aux fichiers disponibles pour des synchronisations. Vous devrez saisir un nom d&rsquo;utilisateur et un mot de passe pour que les applications puissent accéder à ces dossiers. Si la sécurité n’est pas une préoccupation, vous pouvez configurer un accès anonyme à ces dossiers et il ne sera pas nécessaire de saisir de nom d&rsquo;utilisateur ni de mot de passe."},
 "users_subdesc": {"value": "Ci-dessous, vous pouvez créer ou supprimer des comptes d’utilisateur. Pour supprimer un compte d’utilisateur existant, sélectionnez cet utilisateur dans la liste et cliquez sur &quot;Supprimer&quot;. Pour ajouter un nouveau compte d’utilisateur, cliquez sur le bouton &quot;Ajouter un nouvel utilisateur&quot;, puis saisissez le nom d’utilisateur et le mot de passe de votre choix."},
 "version": {"value": "Version :"},
 "video": {"value": "Vidéo"},
 "videos": {"value": "Vidéos"},
 "view": {"value": "Afficher"},
 "viewlogfile": {"value": "Afficher le fichier journal"},
 "visit": {"value": "Visiter"},
 "wmdrmstatus": {"value": "État de Windows Media DRM"},
 "year": {"value": "Année :"},
 "yes": {"value": "Oui"},
 "youtube": {"value": "YouTube"},
 "mobileApps": {"value": "Applications mobiles"},
 "helpCenter": {"value": "Centre d&rsquo;aide"},
 "servernamecaption": {"value": "Pour vous assurer que votre lecteur multimédia affiche le nom de serveur correct, seuls les caractères suivants sont recommandés : lettres, chiffres, espaces, points et/ou virgules."},
 "playbackbeamreportingcaption": {"value": "Améliorer mon expérience en autorisant à Twonky 7 de partager des informations conformément à la Politique de confidentialité Twonky (Twonky Privacy Policy)."}
}
