{
 "activestreams": {"value": "流"},
 "activitystatus": {"value": "活动状态"},
 "add_new_user": {"value": "新增用户"},
 "add_share": {"value": "添加文件夹"},
 "addnewfolder": {"value": "新增文件夹"},
 "advanced": {"value": "高级"},
 "advanceddefault": {"value": "高级媒体导航"},
 "advanceddefaultcaption": {"value": "更好更快地访问大库"},
 "aggregate": {"value": "聚合"},
 "aggregatecaption": {"value": "在聚合服务器的导航树中列出全部聚合内容项目，但不复制文件。"},
 "aggregaterecommended": {"value": "拥有多个始终连接并可通过网络访问的服务器的用户。"},
 "aggregation": {"value": "聚合"},
 "aggregationcaption": {"value": "启用“聚合”时，Twonky Server 将从其它运行 Twonky Server 或 Windows Media Player 的设备收集信息，并通过一个综合视图显示网络中所有可用的媒体。使用这个功能后，搜索特定的媒体项目时就不需要在不同服务器之间切换。Twonky Server 会自动隐藏重复内容。"},
 "aggregationmode": {"value": "聚合模式"},
 "aggregationmodecaption": {"value": "新发现的服务器默认使用的模式。"},
 "aggservers": {"value": "聚合服务器"},
 "aggserverscaption": {"value": "以下列出家庭网络中的 Twonky Server，它们将从其它服务器收集信息从而通过一个综合视图提供所有可用媒体。为了保护您的隐私，这些聚合服务器在默认情况下无法访问本服务器共享的媒体。如希望媒体在综合视图下可见，您就应当为以下列表中的一个或多个聚合服务器提供访问权限。 "},
 "album": {"value": "唱集："},
 "allcontenttypes": {"value": "所有内容类型"},
 "any": {"value": "任何"},
 "artist": {"value": "演出者："},
 "availableservers": {"value": "可用的服务器"},
 "availableserverscaption": {"value": "家庭网络中可以由 Twonky Server 进行聚合的服务器列表。对于每个服务器，您都可以选择要聚合的媒体类型及聚合模式。"},
 "browse": {"value": "浏览"},
 "builddate": {"value": "服务器产生日期"},
 "byfolder": {"value": "文件夹"},
 "byfoldercaption": {"value": "使用您的文件夹结构"},
 "cachemem": {"value": "缓存"},
 "cancel": {"value": "取消"},
 "cdkey": {"value": "注册码"},
 "clearcache": {"value": "清除缓存"},
 "clearlogfile": {"value": "清除日志文件"},
 "clientreset": {"value": "正在刷新客户端列表，请稍候。"},
 "compilationcaption": {"value": "列出任何应视为音乐编辑的文件夹。多个文件夹之间用逗号分隔。"},
 "compilationdirs": {"value": "编辑文件夹"},
 "connect": {"value": "关注我们"},
 "connectionissue": {"value": "请保持与网络的连接以便使用服务器。"},
 "copyright": {"value": "&copy; 2004-2013 PacketVideo Corporation。保留所有权利。"},
 "days": {"value": "天"},
 "daysremaining": {"value": "天试用期剩余。"},
 "delete": {"value": "删除"},
 "detailedstatus": {"value": "详细状态"},
 "dialog_admin_acc_could_not_update": {"value": "管理员帐户无法更新。"},
 "dialog_delete_user": {"value": "删除 &quot;{0}&quot; 会将与 &quot;{1}&quot; 相关联的文件夹设置为匿名访问。确认后，与这些文件夹进行同步时将不需要任何身份验证。"},
 "dialog_enter_alias_name": {"value": "请输入别名。"},
 "dialog_enter_share_dir": {"value": "请输入目录。"},
 "dialog_enter_valid_pw": {"value": "请输入有效密码。"},
 "dialog_enter_valid_un": {"value": "请输入有效用户名。"},
 "dialog_failed_delete_share": {"value": "删除共享失败。"},
 "dialog_failed_to_rem_usr_rights": {"value": "删除用户权限失败。"},
 "dialog_invalid_share_name_1": {"value": "短名称无效。短名称应该为单个单词且单词之间不能有多个 &rsquo;{0}&rsquo;。"},
 "dialog_invalid_share_name_2": {"value": "短名称无效。短名称应该为单个单词且名称中不能有 &rsquo;{0}&rsquo;。"},
 "dialog_invalid_share_path": {"value": "路径无效。"},
 "dialog_portaldisassociatefree": {"value": "断开此服务器与您 Twonky 帐户的连接将禁用服务器功能。</br></br>确定要断开该帐户？"},
 "dialog_portaldisassociatepremium": {"value": "断开此服务器与您 Twonky 帐户的连接将移除服务器的某些功能。</br></br>确定要断开该帐户？"},
 "dialog_reserve_user_name": {"value": "&quot;{0}&quot; 不能用作用户名。"},
 "dialog_server_req_failed": {"value": "从 Twonky Server 检索信息失败。"},
 "dialog_share_added_success": {"value": "成功添加文件夹。"},
 "dialog_user_add_success": {"value": "成功添加用户。"},
 "discardchanges": {"value": "放弃更改"},
 "enable": {"value": "启用"},
 "enableaggregation": {"value": "启用聚合"},
 "enablelogging": {"value": "启用日志记录"},
 "enablesharing": {"value": "对新媒体接收器自动启用共享"},
 "enter": {"value": "输入"},
 "enter_valid_pw": {"value": "输入有效密码"},
 "enter_valid_un": {"value": "输入有效用户名"},
 "facebook": {"value": "Facebook"},
 "faqs": {"value": "常见问题"},
 "filesize": {"value": "文件大小："},
 "format": {"value": "格式："},
 "freeserver": {"value": "Twonky"},
 "friendlyname": {"value": "昵称"},
 "genre": {"value": "类型："},
 "gethelp": {"value": "获得帮助"},
 "here": {"value": "此处"},
 "hide": {"value": "隐藏"},
 "hours": {"value": "小时"},
 "ignore": {"value": "忽略"},
 "ignorecaption": {"value": "对新发现的服务器不进行任何操作。"},
 "ignorerecommended": {"value": "希望为网络中的每个服务器定义不同设置的用户。"},
 "inminutes": {"value": "以分钟计"},
 "ip": {"value": "IP"},
 "ipodlike": {"value": "类似 iPod"},
 "ipodlikecaption": {"value": "更适用于熟悉 iPod 结构的用户"},
 "language": {"value": "语言"},
 "languagecaption": {"value": "用于设置和导航树"},
 "lastdbchange": {"value": "上次数据库更新"},
 "license1": {"value": "试用版"},
 "license2": {"value": "Twonky Server 版本"},
 "license-201": {"value": "无效注册码。"},
 "license-202": {"value": "您无法使用 TwonkyMusic 许可证注册 Twonky Server。"},
 "license-203": {"value": "此注册码对此版本的服务器无效。"},
 "license-204": {"value": "此注册码对此版本的服务器无效。"},
 "license-205": {"value": "此注册码已由服务器的另一个实例所使用。"},
 "license-206": {"value": "您的试用版已经过期。如果您之前已经输入了许可证注册码，请尝试重新启动运行 Twonky Server 的设备。"},
 "license3": {"value": "Twonky Server 与 TwonkyManager Lite 版"},
 "license4": {"value": "Twonky Server 与 TwonkyManager Full 版"},
 "licenseinfo": {"value": "授权信息"},
 "licensekey": {"value": "许可证注册码"},
 "licensekeycaption": {"value": "请输入许可证注册码以激活该软件。如果没有提供许可证，可以通过访问 www.twonky.com 进行获取。"},
 "licensinginfo": {"value": "授权信息"},
 "local_folder": {"value": "本地文件夹"},
 "local_syncfolder_desc": {"value": "<b>本地文件夹：</b>  输入文件夹在此计算机中所处的路径。例如，&quot;c:\\videos&quot;。"},
 "loggedinas": {"value": "登录为"},
 "logging": {"value": "正在记录日志"},
 "login": {"value": "登录"},
 "loginneededcaption": {"value": "您的 Twonky 帐户已激活，但是您未登录。"},
 "mac": {"value": "MAC"},
 "mediareceivers": {"value": "媒体接收器"},
 "minutes": {"value": "分钟"},
 "mirror": {"value": "自动复制"},
 "mirrorcaption": {"value": "创建其它服务器中内容的副本并将其保存到本设备，以便在其它服务器不在网络中时仍可以使用这些媒体文件。"},
 "mirrorrecommended": {"value": "拥有可能会暂时离开网络的服务器的用户，例如笔记本电脑或移动电话中的服务器。使用该选项后，Twonky Mobile 的用户可以将图片、视频及音乐自动从他们的 Apple 或 Android 设备复制到家庭服务器。"},
 "mobile": {"value": "移动"},
 "mobilecaption": {"value": "适用于移动设备的最佳选择"},
 "mpeglicense": {"value": "MPEG Layer-3 音频编码技术得到 Fraunhofer IIS 和 Thomson 许可。"},
 "music": {"value": "音乐"},
 "myexperience": {"value": "改进我的体验"},
 "myexperience_desc": {"value": "您可以通过让 Twonky 产品自动向我们发送关于产品使用及您家中设备类型的信息来帮助我们改进您对产品的体验。该数据不会包含可以识别您或所播放媒体的信息。PacketVideo 不会与其它公司共享该信息，它只供 PacketVideo 以整体形式使用以改进我们的产品。<br><br>参加“客户体验反馈”是完全自愿的。您可以注册参加，或在注册之后的任何时间停止参加。"},
 "mylibrary": {"value": "我的库"},
 "mytwonky.com": {"value": "Twonky.com"},
 "mytwonkyaccount": {"value": "Twonky 帐户"},
 "navtree": {"value": "导航树"},
 "navtreecaption": {"value": "以下设置将用作所有最新媒体接收器的默认设置。各媒体接收器的具体值可以在“共享”-“媒体接收器”中进行设置。"},
 "navtype": {"value": "导航类型"},
 "networkinterfaces": {"value": "网络接口"},
 "nicrestart": {"value": "NIC 变更后重新启动"},
 "nicrestartcaption": {"value": "启用/禁用在 NIC 变更后动态重新启动服务器。注意重新启动服务器会导致流中断！"},
 "no": {"value": "否"},
 "no_syncfolders": {"value": "还未在该服务器上选择进行同步的文件夹。可以选择以下文件夹。"},
 "no_user_added": {"value": "还未创建进行同步的用户帐户。可以单击下面的 &quot;新增用户&quot; 按钮进行创建。"},
 "noactivestreams": {"value": "没有流"},
 "nomusic": {"value": "没有要显示的音乐。"},
 "nophotos": {"value": "没有要显示的图片。"},
 "notchanged": {"value": "部分更改无法保存。"},
 "novideos": {"value": "没有要显示的视频。"},
 "of": {"value": "/"},
 "ok": {"value": "确定"},
 "onlineservices": {"value":"在线服务"},
 "parentdir": {"value": "父文件夹"},
 "password": {"value": "密码"},
 "photo": {"value": "图片"},
 "photos": {"value": "图片"},
 "play": {"value": "播放"},
 "pleaselogin": {"value": "请访问myTwonky"},
 "portalconnecting": {"value": "正在检查状态…"},
 "portaldisabled": {"value": "门户被禁用"},
 "portaldisassociate": {"value": "从该帐户断开"},
 "premiumserver": {"value": "Twonky Server Premium"},
 "receivertype": {"value": "媒体接收器类型"},
 "recommendedfor": {"value": "建议用于"},
 "registerserver": {"value": "注册服务器"},
 "registrationoptional": {"value": "注册您的服务器"},
 "registrationoptionalcaption": {"value": "已安装了 Twonky Server，但是未连接到 在线服务。注册后可以使用更多功能。"},
 "registrationrequired": {"value": "要求注册"},
 "registrationrequiredcaption": {"value": "已安装了 Twonky Server，但是未激活。要激活您的 Twonky Server，请登录 myTwonky.com 或注册。在没有注册的情况下，您的服务器将无法运行。"},
 "reload_config": {"value": "重新加载配置"},
 "reload_failed": {"value": "无法加载。请稍候重试。"},
 "removablemedia": {"value": "可移动媒体"},
 "removablemediacaption": {"value": "启用该功能后，Twonky Server 将自动共享可移动媒体设备（例如 USB 记忆棒）中的所有媒体文件。拔出该设备时，其媒体文件将不再出现在服务器中。"},
 "renewlicense": {"value": "您必须在 {0} 小时 {1} 分钟内访问 myTwonky.com 以更新您的许可证。"},
 "renewlicenseindays": {"value": "您必须在 {0} 天之内访问 myTwonky.com 以更新您的许可证。"},
 "rescancaption": {"value": "此选项指定服务器重新扫描的方式。如果设为 0，将禁用自动重新扫描。正值将指定重新扫描内容文件夹的周期（分钟）。-1 将让服务器自动检查内容文件夹中的最新内容，无需重新扫描。"},
 "rescancontent": {"value": "重新扫描内容文件夹"},
 "rescaninterval": {"value": "重新扫描间隔"},
 "resetdefaults": {"value": "还原至默认值"},
 "resetlist": {"value": "还原列表"},
 "resetprompt": {"value": "将所有设置还原为默认值？此操作无法撤消。"},
 "restartpending": {"value": "服务器等待重新启动"},
 "restartprompt": {"value": "请注意，所应用的一些更改只有在服务器重新启动后才会生效。<br /><br />是否要立即重新启动？"},
 "restartserver": {"value": "重新启动服务器"},
 "rights": {"value": "权限"},
 "rights_desc": {"value": "<b>权限：</b>  您可以为文件夹设置访问权限。选择读写权限或只读权限。"},
 "rmautoshare": {"value": "自动共享可移动媒体"},
 "savechanges": {"value": "保存更改"},
 "saveprompt": {"value": "您所作的更改尚未保存。希望保存这些更改还是放弃？"},
 "seconds": {"value": "秒"},
 "securedcaption": {"value": "您可以通过用户名与密码保护 Twonky Server 设置页面，以及限制对同步操作的访问。"},
 "securedserversettings": {"value": "保护服务器设置"},
 "select": {"value": "选择"},
 "selectfolder": {"value": "选择要共享的文件夹"},
 "selectsyncfolder": {"value": "选择用于进行同步的文件夹。 "},
 "server_build_date": {"value": "服务器产生日期"},
 "servermaintenance": {"value": "服务器维护"},
 "servername": {"value": "服务器名称"},
 "serverrestarting": {"value": "服务器正在重新启动，请稍候。"},
 "serversettings": {"value": "服务器设置"},
 "settings": {"value": "设置"},
 "setup": {"value": "设置"},
 "sharedfolders": {"value": "共享文件夹"},
 "sharedfolderscaption": {"value": "以下文件夹中的媒体可用于网络中的其它设备。您可以限制各文件夹中可以共享的媒体类型。取消选中左边的方框将禁用对该文件夹中媒体的访问。<br/><br/>如果已将网络中的另一台服务器设置为以一个集合形式显示所有服务器的媒体，则选中右边的方框将使该文件夹中的媒体可以用于“聚合”。如需有关此功能的更多信息，请转至“聚合”菜单。"},
 "shareforagg": {"value": "可用于聚合"},
 "sharing": {"value": "共享"},
 "sharingCaption": {"value": "定义本地网络上共享的媒体。"},
 "show": {"value": "显示"},
 "simpledefault": {"value": "经典型媒体导航"},
 "simpledefaultcaption": {"value": "适用于小型库"},
 "songs": {"value": "曲目"},
 "status": {"value": "状态"},
 "status_desc": {"value": "Twonky 能够在运行特定 Twonky 应用程序的设备之间进行无线的内容同步。您需要在运用此功能的每个 Twonky 应用程序中对同步设置进行配置。在此页面上，您可以设置该设备中希望用于进行同步的文件夹。您还需要在另外的应用程序（例如 Twonky Mobile）中配置同步设置才能完成设置工作。请参阅该应用程序中的说明。<br/><br/>默认情况下，位于用户默认音乐、图片与视频文件夹下的子文件夹 \\Twonky\\Sync 内的所有媒体都将自动用于进行同步。<br/><br/>您可以对以下的同步设置进行个性化配置。"},
 "syncfolder_desc": {"value": "选择文件夹以使该文件夹中的内容可以供同步应用程序使用。"},
 "syncfolder_name": {"value": "短名称"},
 "syncfolder_name_desc": {"value": "<b>短名称：</b>  在同步应用程序中查找该文件夹的内容时使用的名称。例如，&quot;My Videos&quot;。"},
 "syncfolder_new_share_info": {"value": "输入信息以重新选择用于同步的文件夹："},
 "syncfolders": {"value": "用于进行同步的文件夹"},
 "synchronization": {"value": "同步"},
 "syncurl": {"value": "同步服务器 URL"},
 "twitter": {"value": "Twitter"},
 "twonky.com": {"value": "Twonky.com"},
 "twonkyforums": {"value": "Twonky 论坛"},
 "Twonky Server": {"value": "Twonky Server"},
 "Twonky Servertextpart2": {"value": "Special"},
 "update": {"value": "更新"},
 "uptime": {"value": "服务器运行时间"},
 "user_name_desc": {"value": "<b>用户名：</b>  您可以输入一个用户帐号，这样只有在提供用户名和密码后才能访问您的内容。如需设置为不需要任何用户名/密码的开放式访问，请在用户列表中选择 &quot;任何&quot;。"},
 "username": {"value": "用户名"},
 "users": {"value": "用户"},
 "users_desc": {"value": " 用户帐户是用来控制对同步时所用文件夹进行的访问。您需要输入用户名和密码才能允许应用程序访问这些文件夹。如果不需要考虑安全，您可以为这些文件夹设置匿名访问，这样就不需要输入任何用户名或密码。"},
 "users_subdesc": {"value": "下面的选项可以创建或删除用户帐户。要删除现有用户，请从列表中选择用户，然后单击 &quot;删除&quot;。要添加新用户帐户，请单击 &quot;新增用户&quot; 按钮并输入希望使用的用户名和密码。"},
 "version": {"value": "版本："},
 "video": {"value": "视频"},
 "videos": {"value": "视频"},
 "view": {"value": "查看"},
 "viewlogfile": {"value": "查看日志文件"},
 "visit": {"value": "访问"},
 "wmdrmstatus": {"value": "Windows Media DRM 状态"},
 "year": {"value": "年："},
 "yes": {"value": "是"},
 "youtube": {"value": "YouTube"},
 "mobileApps": {"value": "移动应用程序"},
 "helpCenter": {"value": "帮助中心"},
 "servernamecaption": {"value": "为保证媒体播放器能够显示正确的服务器名称，您只能使用以下字符：字母、数字、空格、句点和/或逗号。"},
 "playbackbeamreportingcaption": {"value": "通过允许 Twonky 7 在不违背 Twonky 隐私策略的前提下共享信息来改进个人体验 (Twonky Privacy Policy)。"}
}
