{
 "activestreams": {"value": "Streaming"},
 "activitystatus": {"value": "Aktivitätsstatus"},
 "add_new_user": {"value": "Neuen Benutzer hinzufügen"},
 "add_share": {"value": "Ordner hinzufügen"},
 "addnewfolder": {"value": "Neuen Ordner hinzufügen"},
 "advanced": {"value": "Erweitert"},
 "advanceddefault": {"value": "Erweiterte Mediennavigation"},
 "advanceddefaultcaption": {"value": "Besserer und schnellerer Zugriff bei großen Bibliotheken"},
 "aggregate": {"value": "Zusammenfassen"},
 "aggregatecaption": {"value": "Zeigen Sie alle zusammengefassten Inhaltsobjekte in der Navigationsstruktur des Zusammenfassungsservers, ohne die Dateien zu kopieren."},
 "aggregaterecommended": {"value": "Benutzer mit mehreren Servern, die ständig mit dem Netzwerk verbunden und verfügbar sind."},
 "aggregation": {"value": "Zusammenfassung"},
 "aggregationcaption": {"value": "Wenn die Zusammenfassungsfunktion aktiviert ist, sammelt Twonky Server Informationen von allen anderen Geräten, auf denen Twonky Server oder Windows Media Player ausgeführt wird, und zeigt alle in Ihrem Netzwerk verfügbaren Medien in einer zusammenfassenden Übersicht an. Diese Funktion erleichtert Ihnen die Suche nach Medienobjekten, weil Sie nicht mehr zwischen mehreren Servern hin- und herschalten müssen. Twonky Server blendet Duplikate automatisch aus."},
 "aggregationmode": {"value": "Zusammenfassungsmodus"},
 "aggregationmodecaption": {"value": "Standardmodus für neu entdeckte Server."},
 "aggservers": {"value": "Zusammenfassungsserver"},
 "aggserverscaption": {"value": "Die folgende Liste zeigt die Twonky Server in Ihrem Privatnetzwerk, die Informationen von anderen Servern sammeln und eine zusammenfassende Übersicht aller verfügbaren Medien bieten. Damit Ihre Privatsphäre geschützt bleibt, sind die Zusammenfassungsserver nicht in der Lage, auf die Medien zuzugreifen, die auf diesem Server freigegeben sind. Wenn Ihre Medien in der Zusammenfassungsansicht angezeigt werden sollen, müssen Sie einem oder mehreren in der Liste aufgeführten Zusammenfassungsservern Zugriff auf Ihre Medien gewähren. "},
 "album": {"value": "Album:"},
 "allcontenttypes": {"value": "Alle Inhaltstypen"},
 "any": {"value": "Alle"},
 "artist": {"value": "Interpret:"},
 "availableservers": {"value": "Verfügbare Server"},
 "availableserverscaption": {"value": "Liste der Server in Ihrem Privatnetzwerk, die von Twonky Server zusammengefasst werden können. Sie können für jeden Server festlegen, welche Medienart zusammengefasst werden soll und welcher Zusammenfassungsmodus verwendet werden soll."},
 "browse": {"value": "Durchsuchen"},
 "builddate": {"value": "Build-Datum des Servers"},
 "byfolder": {"value": "Nach Ordner"},
 "byfoldercaption": {"value": "Verwendet Ihre Ordnerstruktur"},
 "cachemem": {"value": "Cachespeicher"},
 "cancel": {"value": "Abbrechen"},
 "cdkey": {"value": "Registrierschlüssel"},
 "clearcache": {"value": "Cache löschen"},
 "clearlogfile": {"value": "Protokolldatei löschen"},
 "clientreset": {"value": "Bitte warten. Die Liste der Clients wird aktualisiert."},
 "compilationcaption": {"value": "Führen Sie alle Ordner auf, die als Musiksammlung eingestuft werden sollen. Trennen Sie Ordner durch ein Komma."},
 "compilationdirs": {"value": "Sammelordner"},
 "connect": {"value": "Uns folgen"},
 "connectionissue": {"value": "Bitte halten Sie eine Verbindung zum Internet aufrecht, um die Server zu verwenden."},
 "copyright": {"value": "&copy; 2004-2013 PacketVideo Corporation. Alle Rechte vorbehalten."},
 "days": {"value": "Tage"},
 "daysremaining": {"value": "Tage verbleiben für Ihren Test."},
 "delete": {"value": "Löschen"},
 "detailedstatus": {"value": "Detaillierter Status"},
 "dialog_admin_acc_could_not_update": {"value": "Das Admin-Konto konnte nicht aktualisiert werden."},
 "dialog_delete_user": {"value": "Durch das Löschen von &quot;{0}&quot; wird anonymer Zugang zu den Ordnern gewährt, die mit &quot;{1}&quot; verbunden sind. Wenn Sie diesen Vorgang bestätigen, ist für die Synchronisierung mit diesen Ordnern keine Authentifizierung erforderlich."},
 "dialog_enter_alias_name": {"value": "Bitte geben Sie einen Alias-Namen ein."},
 "dialog_enter_share_dir": {"value": "Bitte geben ein Verzeichnis ein."},
 "dialog_enter_valid_pw": {"value": "Bitte geben Sie ein gültiges Kennwort ein."},
 "dialog_enter_valid_un": {"value": "Bitte geben Sie einen gültigen Benutzernamen ein."},
 "dialog_failed_delete_share": {"value": "Freigabe konnte nicht gelöscht werden."},
 "dialog_failed_to_rem_usr_rights": {"value": "Die Benutzerrechte konnten nicht entfernt werden."},
 "dialog_invalid_share_name_1": {"value": "Ungültiger Kurzname. Der Kurzname sollte ein einzelnes Wort sein und darf nicht mehrere &rsquo;{0}&rsquo; zwischen Wörtern enthalten."},
 "dialog_invalid_share_name_2": {"value": "Ungültiger Kurzname. Der Kurzname sollte ein einzelnes Wort sein und darf nicht &rsquo;{0}&rsquo; enthalten."},
 "dialog_invalid_share_path": {"value": "Ungültiger Pfad."},
 "dialog_portaldisassociatefree": {"value": "Wenn Sie diesen Server von Ihrem Twonky-Konto trennen, wird die Serverfunktionalität deaktiviert?</br></br>Möchten Sie dieses Konto wirklich trennen?"},
 "dialog_portaldisassociatepremium": {"value": "Wenn Sie diesen Server von Ihrem Twonky-Konto trennen, stehen verschiedene Funktionen auf Ihrem Server nicht mehr zur Verfügung?</br></br>Möchten Sie dieses Konto wirklich trennen?"},
 "dialog_reserve_user_name": {"value": "&quot;{0}&quot; kann nicht als Benutzername verwendet werden."},
 "dialog_server_req_failed": {"value": "Es konnten keine Informationen von Twonky Server abgerufen werden."},
 "dialog_share_added_success": {"value": "Ordner wurde hinzugefügt."},
 "dialog_user_add_success": {"value": "Benutzer wurde hinzugefügt."},
 "discardchanges": {"value": "Änderungen verwerfen"},
 "enable": {"value": "Aktivieren"},
 "enableaggregation": {"value": "Zusammenfassung aktivieren"},
 "enablelogging": {"value": "Protokollierung aktivieren"},
 "enablesharing": {"value": "Automatische Freigabe für neue Endgeräte"},
 "enter": {"value": "Eingeben"},
 "enter_valid_pw": {"value": "Gültiges Kennwort eingeben"},
 "enter_valid_un": {"value": "Gültigen Benutzernamen eingeben"},
 "facebook": {"value": "Facebook"},
 "faqs": {"value": "FAQs"},
 "filesize": {"value": "Dateigröße:"},
 "format": {"value": "Format:"},
 "freeserver": {"value": "Twonky"},
 "friendlyname": {"value": "Benutzerfreundlicher Name"},
 "genre": {"value": "Genre:"},
 "gethelp": {"value": "Hilfe anfordern"},
 "here": {"value": "hier"},
 "hide": {"value": "Ausblenden"},
 "hours": {"value": "Stunden"},
 "ignore": {"value": "Ignorieren"},
 "ignorecaption": {"value": "Keine Aktionen für neu entdeckten Server durchführen."},
 "ignorerecommended": {"value": "Benutzer, die für jeden Server in ihrem Netzwerk unterschiedliche Einstellungen definieren möchten."},
 "inminutes": {"value": "in Minuten"},
 "ip": {"value": "IP"},
 "ipodlike": {"value": "ähnlich iPod"},
 "ipodlikecaption": {"value": "Besser für Benutzer, die eine iPod-Struktur bevorzugen"},
 "language": {"value": "Sprache"},
 "languagecaption": {"value": "Wird für Einstellungen und die Navigationsstruktur verwendet"},
 "lastdbchange": {"value": "Letzte Datenbankaktualisierung"},
 "license1": {"value": "Testversion"},
 "license2": {"value": "Twonky Server Version"},
 "license-201": {"value": "Ungültiger Lizenzschlüssel."},
 "license-202": {"value": "Sie können einen Twonky Server nicht mit einer Lizenz für TwonkyMusic registrieren."},
 "license-203": {"value": "Dieser Lizenzschlüssel gilt nicht für diese Serverversion."},
 "license-204": {"value": "Dieser Lizenzschlüssel gilt nicht für diese Serverversion."},
 "license-205": {"value": "Dieser Lizenzschlüssel wird bereits verwendet."},
 "license-206": {"value": "Ihre Testversion ist abgelaufen. Wenn Sie bereits zuvor einen Lizenzschlüssel eingegeben haben, sollten Sie versuchen, das Gerät, auf dem Twonky Server ausgeführt wird, neu zu starten."},
 "license3": {"value": "Twonky Server und TwonkyManager Lite Version"},
 "license4": {"value": "Twonky Server und TwonkyManager Full Version"},
 "licenseinfo": {"value": "Lizenzinformationen"},
 "licensekey": {"value": "Lizenzschlüssel"},
 "licensekeycaption": {"value": "Bitte geben Sie einen Lizenzschlüssel ein, um diese Software zu aktivieren. Gegebenenfalls können Sie eine Lizenz unter www.twonky.com erwerben."},
 "licensinginfo": {"value": "Lizenzinformationen"},
 "local_folder": {"value": "Lokaler Ordner"},
 "local_syncfolder_desc": {"value": "<b>Lokaler Ordner:</b> Geben Sie den Pfad für den Speicherort des Ordners auf Ihrem Computer ein. Beispiel: &quot;c:\\videos&quot;."},
 "loggedinas": {"value": "Sie sind angemeldet als"},
 "logging": {"value": "Protokollierung"},
 "login": {"value": "Anmelden"},
 "loginneededcaption": {"value": "Ihr Twonky-Konto ist aktiviert, aber Sie haben sich nicht angemeldet."},
 "mac": {"value": "MAC"},
 "mediareceivers": {"value": "Endgeräte"},
 "minutes": {"value": "Minuten"},
 "mirror": {"value": "AutoCopy"},
 "mirrorcaption": {"value": "Erstellen Sie Kopien der Inhalte auf anderen Servern und speichern Sie sie auf diesem Gerät, damit diese Mediendateien auch dann verfügbar sind, wenn der ursprüngliche Server nicht mit dem Netzwerk verbunden ist."},
 "mirrorrecommended": {"value": "Benutzer mit Servern, die vorübergehend die Verbindung mit dem Netzwerk unterbrechen, wie z. B. ein Server auf einem Notebook oder Mobiltelefon. Twonky Mobile-Benutzer können diese Option dazu verwenden, Fotos, Videos und Musik automatisch von ihrem Apple- oder Android-Gerät auf ihren Privatserver zu kopieren."},
 "mobile": {"value": "Mobil"},
 "mobilecaption": {"value": "Am besten für Mobilgeräte geeignet"},
 "mpeglicense": {"value": "MPEG Layer-3-Audiocodierungstechnologie unter Lizenz von Fraunhofer IIS und Thomson."},
 "music": {"value": "Musik"},
 "myexperience": {"value": "Bessere Benutzererfahrungen"},
 "myexperience_desc": {"value": "Sie können uns dabei helfen, Ihre Verwendung unserer Produkte zu optimieren, indem Sie dieses Twonky-Produkt so konfigurieren, dass es automatisch Informationen zu Ihrer Verwendungsweise und zu den an Ihrem Einsatzort vorhandenen Gerätetypen sendet. Diese Daten enthalten keine Informationen, die Ihre Identität oder die von Ihnen wiedergegebenen Medien preisgeben. PacketVideo gibt die gesammelten Informationen nicht an andere Unternehmen weiter; die Informationen werden von PacketVideo nur als Sammeldaten zur Verbesserung unserer Produkte herangezogen.<br><br>Die Teilnahme an dem Feedbackprogramm für Kunden ist freiwillig. Sie können sich jederzeit zur Teilnahme bereit erklären oder Ihre Teilnahme beenden."},
 "mylibrary": {"value": "Meine Bibliothek"},
 "mytwonky.com": {"value": "Twonky.com"},
 "mytwonkyaccount": {"value": "Twonky-Konto"},
 "navtree": {"value": "Navigationsstruktur"},
 "navtreecaption": {"value": "Die folgende Einstellung wird als Standardeinstellung für alle neuen Endgeräte verwendet. Einzelwerte für jedes Endgerät können unter &rsquo;Freigaben - Endgeräte&rsquo; eingestellt werden."},
 "navtype": {"value": "Navigationstyp"},
 "networkinterfaces": {"value": "Netzwerkschnittstellen"},
 "nicrestart": {"value": "Bei NIC-Änderungen neu starten"},
 "nicrestartcaption": {"value": "Dynamischen Neustart des Servers bei allen NIC-Änderungen aktivieren/deaktivieren. Beachten Sie, dass das Streaming beim Neustart des Servers unterbrochen wird!"},
 "no": {"value": "Nein"},
 "no_syncfolders": {"value": "Sie haben auf diesem Server keine Ordner für die Synchronisierung ausgewählt. Sie können unten Ordner auswählen."},
 "no_user_added": {"value": "Es wurden keine Benutzerkonten für die Synchronisierung erstellt. Sie können ein Benutzerkonto erstellen, indem Sie unten auf die Schaltfläche &quot;Neuen Benutzer hinzufügen&quot; klicken."},
 "noactivestreams": {"value": "Kein Streaming"},
 "nomusic": {"value": "Keine anzeigbare Musik."},
 "nophotos": {"value": "Keine anzeigbaren Fotos."},
 "notchanged": {"value": "Einige Änderungen konnten nicht gespeichert werden."},
 "novideos": {"value": "Keine anzeigbare Videos."},
 "of": {"value": "von"},
 "ok": {"value": "OK"},
 "onlineservices": {"value":"Online-Dienste"},
 "parentdir": {"value": "Übergeordneter Ordner"},
 "password": {"value": "Kennwort"},
 "photo": {"value": "Foto"},
 "photos": {"value": "Fotos"},
 "play": {"value": "Wiedergabe"},
 "pleaselogin": {"value": "Bitte besuchen Sie myTwonky"},
 "portalconnecting": {"value": "Status wird überprüft..."},
 "portaldisabled": {"value": "Portal deaktiviert"},
 "portaldisassociate": {"value": "Von diesem Konto trennen"},
 "premiumserver": {"value": "Twonky Server Premium"},
 "receivertype": {"value": "Endgerättyp"},
 "recommendedfor": {"value": "Empfohlen für"},
 "registerserver": {"value": "Server registrieren"},
 "registrationoptional": {"value": "Registrieren Sie Ihren Server"},
 "registrationoptionalcaption": {"value": "Ihr Twonky Server ist installiert, ist aber nicht mit Online-Dienste verbunden. Nach der Registrierung haben Sie Zugriff auf weitere Features."},
 "registrationrequired": {"value": "Registrierung erforderlich"},
 "registrationrequiredcaption": {"value": "Ihr Twonky Server ist installiert, aber nicht aktiviert. Bitte melden Sie sich an, um Ihren Twonky Server zu aktivieren, oder registrieren Sie sich unter myTwonky.com. Ohne Registrierung ist Ihr Server nicht funktionsfähig."},
 "reload_config": {"value": "Konfiguration erneut laden"},
 "reload_failed": {"value": "Erneutes Laden nicht möglich. Bitte versuchen Sie es später noch einmal."},
 "removablemedia": {"value": "Wechseldatenträger"},
 "removablemediacaption": {"value": "Wenn diese Funktion aktiviert ist, gibt Twonky Server automatisch alle Mediendateien von einem Wechseldatenträger (z. B. auf einem USB-Memorystick) frei. Wenn Sie das Gerät abtrennen, sind die Mediendateien nicht mehr auf dem Server verfügbar."},
 "renewlicense": {"value": "Sie müssen myTwonky.com in {0} Stunden und {1} Minuten besuchen, um Ihre Lizenz zu erneuern."},
 "renewlicenseindays": {"value": "Sie müssen myTwonky.com in {0} Tagen besuchen, um Ihre Lizenz zu erneuern."},
 "rescancaption": {"value": "Diese Option legt das Verhalten des Servers bei erneutem Scannen fest. Bei der Einstellung 0 ist das automatische erneute Scannen deaktiviert. Ein positiver Wert kennzeichnet die Zeitdauer zwischen dem Scannen von Inhaltsordnern in Minuten. Die Einstellung -1 erlaubt dem Server, die Inhaltsordner automatisch zu überwachen, ohne dass erneut gescannt werden muss."},
 "rescancontent": {"value": "Inhaltsordner erneut scannen"},
 "rescaninterval": {"value": "Intervall für erneutes Scannen"},
 "resetdefaults": {"value": "Auf Standardeinstellungen zurücksetzen"},
 "resetlist": {"value": "Liste zurücksetzen"},
 "resetprompt": {"value": "Alle Einstellungen auf die Standardwerte zurücksetzen? Dieser Vorgang kann nicht rückgängig gemacht werden."},
 "restartpending": {"value": "Server muss neu gestartet werden"},
 "restartprompt": {"value": "Bitte beachten Sie, dass einige Änderungen erst nach einem Neustart des Servers wirksam werden.<br /><br />Möchten Sie jetzt neu starten?"},
 "restartserver": {"value": "Server neu starten"},
 "rights": {"value": "Rechte"},
 "rights_desc": {"value": "<b>Rechte:</b> Sie können Zugriffsrechte für den Ordner festlegen. Wählen Sie Lese-/Schreibzugriff oder nur Lesezugriff."},
 "rmautoshare": {"value": "Wechseldatenträger automatisch freigeben"},
 "savechanges": {"value": "Änderungen speichern"},
 "saveprompt": {"value": "Sie haben Änderungen durchgeführt, die noch nicht gespeichert wurden. Möchten Sie diese Änderungen speichern oder verwerfen?"},
 "seconds": {"value": "Sekunden"},
 "securedcaption": {"value": "Sie können die Twonky Server-Einstellungsseiten und den Zugriff auf die Synchronisierung durch Einrichten eines Benutzernamens und Kennworts absichern."},
 "securedserversettings": {"value": "Abgesicherte Servereinstellungen"},
 "select": {"value": "Auswählen"},
 "selectfolder": {"value": "Ordner für Freigabe auswählen"},
 "selectsyncfolder": {"value": "Wählen Sie einen Ordner aus, der für die Synchronisierung verfügbar sein soll. "},
 "server_build_date": {"value": "Build-Datum des Servers"},
 "servermaintenance": {"value": "Serverwartung"},
 "servername": {"value": "Servername"},
 "serverrestarting": {"value": "Bitte warten. Der Server wird neu gestartet."},
 "serversettings": {"value": "Servereinstellungen"},
 "settings": {"value": "Einstellungen"},
 "setup": {"value": "Setup"},
 "sharedfolders": {"value": "Freigegebene Ordner"},
 "sharedfolderscaption": {"value": "Die Medien in den unten angegebenen Ordnern stehen für andere Geräte im Netzwerk zur Verfügung. Sie können die in jedem Ordner freigegebenen Medienarten beschränken. Wenn Sie die Markierung im linken Kontrollkästchen entfernen, wird der Zugriff auf die Medien in diesem Ordner deaktiviert. <br/><br/>Wenn ein anderer Server im Netzwerk so eingestellt ist, dass er die Medien von allen Servern einer Sammlung anzeigt, sind die Medien im Ordner nach dem Markieren des Kontrollkästchens für die Zusammenfassung verfügbar. Weitere Informationen zu dieser Funktion finden Sie im Menü &rsquo;Zusammenfassung&rsquo;."},
 "shareforagg": {"value": "Verfügbar für Zusammenfassung"},
 "sharing": {"value": "Freigaben"},
 "sharingCaption": {"value": "Definieren Sie die im lokalen Netzwerk freigegebenen Medien."},
 "show": {"value": "Anzeigen"},
 "simpledefault": {"value": "Klassische Mediennavigation"},
 "simpledefaultcaption": {"value": "Ausreichend für kleine Bibliotheken"},
 "songs": {"value": "Musiktitel"},
 "status": {"value": "Status"},
 "status_desc": {"value": "Twonky ermöglicht das drahtlose Synchronisieren von Inhalten auf Geräten, auf denen ausgewählte Twonky-Anwendungen ausgeführt werden. Sie müssen die Synchronisierungseinstellungen in jeder Twonky-Anwendung konfigurieren, die diese Funktion nutzt. Auf dieser Seite können Sie die Ordner auf diesem Gerät festlegen, die für das Synchronisieren verfügbar sein sollen. Um das Setup abzuschließen, müssen Sie die Synchronisierungseinstellungen auch in Ihrer anderen Anwendung (z. B. Twonky Mobile) konfigurieren. Befolgen Sie dabei die Anweisungen für die entsprechende Anwendung. <br/><br/>Standardmäßig sind alle Medien in den Unterordnern \\Twonky\\Sync der Musik-, Bilder- und Videoordner automatisch für die Synchronisierung verfügbar.<br/><br/>Sie können Ihre Synchronisierungseinstellungen unten anpassen."},
 "syncfolder_desc": {"value": "Wählen Sie einen Ordner aus, um dessen Inhalt für Synchronisierungsanwendungen verfügbar zu machen."},
 "syncfolder_name": {"value": "Kurzname"},
 "syncfolder_name_desc": {"value": "<b>Kurzname:</b> Der Name, der beim Suchen nach den Inhalten dieses Ordners mit der Synchronisierungsanwendung verwendet wird. Beispiel: &quot;Meine Videos&quot;."},
 "syncfolder_new_share_info": {"value": "Geben Sie Informationen für die Auswahl eines neuen Ordners für die Synchronisierung ein:"},
 "syncfolders": {"value": "Für die Synchronisierung verfügbare Ordner"},
 "synchronization": {"value": "Sync"},
 "syncurl": {"value": "Sync-Server-URL"},
 "twitter": {"value": "Twitter"},
 "twonky.com": {"value": "Twonky.com"},
 "twonkyforums": {"value": "Twonky-Forum"},
 "Twonky Server": {"value": "Twonky Server"},
 "Twonky Servertextpart2": {"value": "Special"},
 "update": {"value": "Aktualisieren"},
 "uptime": {"value": "Serverlaufzeit"},
 "user_name_desc": {"value": "<b>Benutzername:</b> Sie können ein Benutzerkonto eingeben, damit der Zugriff auf Ihre Inhalte nur nach Eingabe eines Benutzernamens und Kennworts möglich ist. Wenn Sie den Zugriff nicht beschränken möchten, wählen Sie &quot;Alle&quot; in der Benutzerliste aus."},
 "username": {"value": "Benutzername"},
 "users": {"value": "Benutzer"},
 "users_desc": {"value": " Mithilfe von Benutzerkonten kann der Zugriff auf die für die Synchronisierung verfügbaren Ordner kontrolliert werden. In diesem Fall müssen Sie einen Benutzernamen und ein Kennwort eingeben, um Anwendungen den Zugriff auf die Ordner zu erlauben. Wenn kein Datenschutz erforderlich ist, können Sie anonymen Zugriff auf diese Ordner gewähren. Die Eingabe eines Benutzernamens und Kennworts ist dann nicht erforderlich."},
 "users_subdesc": {"value": "Sie können unten Benutzerkonten erstellen und löschen. Wählen Sie einen vorhandenen Benutzer aus, den Sie löschen möchten, und klicken Sie auf &quot;Löschen&quot;. Wenn Sie ein neues Benutzerkonto einrichten möchten, klicken Sie auf &quot;Neuen Benutzer hinzufügen&quot; und geben Sie den gewünschten Benutzernamen und ein Kennwort ein."},
 "version": {"value": "Version:"},
 "video": {"value": "Video"},
 "videos": {"value": "Videos"},
 "view": {"value": "Ansicht"},
 "viewlogfile": {"value": "Protokolldatei anzeigen"},
 "visit": {"value": "Besuchen"},
 "wmdrmstatus": {"value": "Windows Media DRM-Status"},
 "year": {"value": "Jahr:"},
 "yes": {"value": "Ja"},
 "youtube": {"value": "YouTube"}, 
 "mobileApps": {"value": "Mobile Apps"},
 "helpCenter": {"value": "Hilfecenter"},
 "servernamecaption": {"value": "Da einige Endgeräte Probleme mit der Darstellung von Sonderzeichen haben, empfehlen wir für den Servernamen lediglich Buchstaben, Ziffern, Leerzeichen, Komma oder Punkt zu verwenden."},
 "playbackbeamreportingcaption": {"value": "Um mein Nutzererlebnis zu verbessern, erlaube ich Twonky 7, Informationen in Übereinstimmung mit den Datenschutzrichtlinien von Twonky freizugeben (Twonky Privacy Policy)."}
}
