{
 "activestreams": {"value": "Virtaustoisto"},
 "activitystatus": {"value": "Toiminnan tila"},
 "add_new_user": {"value": "Lisää uusi käyttäjä"},
 "add_share": {"value": "Lisää kansio"},
 "addnewfolder": {"value": "Lisää uusi kansio"},
 "advanced": {"value": "Laajennettu"},
 "advanceddefault": {"value": "Laajennettu näkymä"},
 "advanceddefaultcaption": {"value": "Parempi ja nopeampi pääsy tiedostoihin suurissa kirjastoissa."},
 "aggregate": {"value": "Kokoa"},
 "aggregatecaption": {"value": "Näytä kaikki koottu sisältö kokoavan palvelimen navigointirakenteessa ilman, että tiedostoja kopioidaan."},
 "aggregaterecommended": {"value": "Käyttäjät, joilla on useita palvelimia, jotka ovat aina liitettyinä ja saatavilla verkossa."},
 "aggregation": {"value": "Kokoaminen"},
 "aggregationcaption": {"value": "Kun kokoaminen on käytössä, Twonky Server kerää tiedot kotiverkon muilta laitteilta, joilla on käytössä Twonky Server tai Windows Media Player, ja esittää kaiken saatavilla olevan median yhdessä kattavassa näkymässä. Tämän toiminnon ansiosta ei ole tarpeen vaihtaa palvelimelta toiselle etsittäessä tiettyä tiedostoa. Saman median useat kopiot piilotetaan automaattisesti."},
 "aggregationmode": {"value": "Kokoamistapa"},
 "aggregationmodecaption": {"value": "Oletustoiminto uusille löydetyille palvelimille"},
 "aggservers": {"value": "Kokoavat palvelimet"},
 "aggserverscaption": {"value": "Alla on luettelo kotiverkossasi olevista Twonky Server-palvelimista, jotka kokoavat tietoa toisilta palvelimilta esittääkseen kattavan näkymän kaikkeen saatavilla olevaan mediaan. Yksityisyytesi suojelemiseksi nämä palvelimet eivät oletusarvoisesti näe palvelimesi jakamaa sisältöä. Jos haluat jakamasi sisällön mukaan koottuun näkymään, sinun on annettava käyttöoikeus yhdelle tai useammalle palvelimelle alla olevalla listalla."},
 "album": {"value": "Albumi:"},
 "allcontenttypes": {"value": "Kaikki sisältölajit"},
 "any": {"value": "Kaikki"},
 "artist": {"value": "Esittäjä:"},
 "availableservers": {"value": "Saatavilla olevat palvelimet"},
 "availableserverscaption": {"value": "Luettelo kotiverkon palvelimista, joilta Twonky Server voi koota sisältöä. Jokaisen palvelimen kohdalla voidaan valita erikseen koottavat sisältölajit sekä kokoamistapa."},
 "browse": {"value": "Selaa"},
 "builddate": {"value": "Palvelimen luontipäivä"},
 "byfolder": {"value": "Kansioittain"},
 "byfoldercaption": {"value": "Käyttää kansiorakennettasi"},
 "cachemem": {"value": "Välimuisti"},
 "cancel": {"value": "Peruuta"},
 "cdkey": {"value": "Rekisteröintiavain"},
 "clearcache": {"value": "Tyhjennä välimuisti"},
 "clearlogfile": {"value": "Tyhjennä lokitiedosto"},
 "clientreset": {"value": "Odota. Mediavastaanotinten luetteloa päivitetään."},
 "compilationcaption": {"value": "Luettele kaikki kansiot, jotka käsitellään musiikkikokoelmina. Erota nimet pilkulla."},
 "compilationdirs": {"value": "Kokoelmakansiot"},
 "connect": {"value": "Seuraa meitä"},
 "connectionissue": {"value": "Pidä Internet-yhteys kytkettynä käyttääksesi palvelinta."},
 "copyright": {"value": "&copy; 2004-2013 PacketVideo Corporation. Kaikki oikeudet pidätetään."},
 "days": {"value": "päivää"},
 "daysremaining": {"value": "kokeilupäivää jäljellä."},
 "delete": {"value": "Poista"},
 "detailedstatus": {"value": "Yksityiskohtaiset tilatiedot"},
 "dialog_admin_acc_could_not_update": {"value": "Pääkäyttäjän tilin päivitys epäonnistui."},
 "dialog_delete_user": {"value": "Poistamalla &quot;{0}&quot; otetaan käyttöön anonyymi käyttö kohteelle &quot;{1}&quot;. Jos vahvistat tämän, näiden kansioiden synkronointi ei jatkossa vaadi käyttäjän tunnistautumista."},
 "dialog_enter_alias_name": {"value": "Syötä nimimerkki."},
 "dialog_enter_share_dir": {"value": "Syötä hakemisto."},
 "dialog_enter_valid_pw": {"value": "Syötä kelvollinen salasana."},
 "dialog_enter_valid_un": {"value": "Syötä kelvollinen käyttäjätunnus."},
 "dialog_failed_delete_share": {"value": "Jaetun kohteen poistaminen epäonnistui."},
 "dialog_failed_to_rem_usr_rights": {"value": "Käyttöoikeuksien poistaminen epäonnistui"},
 "dialog_invalid_share_name_1": {"value": "Lyhyt nimi ei kelpaa. Lyhyt nimi ei saa sisältää välilyöntejä, eikä useita &rsquo;{0}&rsquo;-merkkejä sanojen välissä. "},
 "dialog_invalid_share_name_2": {"value": "Lyhyt nimi ei kelpaa. Lyhyt nimi ei saa sisältää välilyöntejä, eikä merkkiä &rsquo;{0}&rsquo;."},
 "dialog_invalid_share_path": {"value": "Polku ei kelpaa."},
 "dialog_portaldisassociatefree": {"value": "Jos erotat palvelimen Twonky-tilistäsi, ei se enää toimi. <br/><br/>Oletko varma, että haluat erotta palvelimen tilistäsi?"},
 "dialog_portaldisassociatepremium": {"value": "Jos erotat palvelimen Twonky-tilistäsi, eivät jotkin sen toiminnot ole enää käytettävissä. <br/><br/>Oletko varma, että haluat erotta palvelimen tilistäsi?"},
 "dialog_reserve_user_name": {"value": "&quot;{0}&quot; ei kelpaa käyttäjänimeksi."},
 "dialog_server_req_failed": {"value": "Tietojen haku Twonky Server-palvelimelta ei onnistunut."},
 "dialog_share_added_success": {"value": "Kansio on lisätty."},
 "dialog_user_add_success": {"value": "Käyttäjä on lisätty."},
 "discardchanges": {"value": "Hylkää muutokset"},
 "enable": {"value": "Ota käyttöön"},
 "enableaggregation": {"value": "Ota käyttöön kokoaminen"},
 "enablelogging": {"value": "Ota käyttöön lokitietojen kerääminen"},
 "enablesharing": {"value": "Ota käyttöön automaattinen jakaminen uusille mediavastaanottimille"},
 "enter": {"value": "Syötä"},
 "enter_valid_pw": {"value": "Syötä kelvollinen salasana"},
 "enter_valid_un": {"value": "Syötä kelvollinen käyttäjätunnus"},
 "facebook": {"value": "Facebook"},
 "faqs": {"value": "UKK"},
 "filesize": {"value": "Tiedoston koko:"},
 "format": {"value": "Muoto:"},
 "freeserver": {"value": "Twonky"},
 "friendlyname": {"value": "Kutsumanimi"},
 "genre": {"value": "Tyylilaji"},
 "gethelp": {"value": "Etsi apua"},
 "here": {"value": "tässä"},
 "hide": {"value": "Piilota"},
 "hours": {"value": "tuntia"},
 "ignore": {"value": "Sivuuta"},
 "ignorecaption": {"value": "Älä tee mitään löydetyille palvelimille."},
 "ignorerecommended": {"value": "Käyttäjät, jotka haluavat määrittää asetukset erikseen jokaiselle kotiverkossaan olevalle palvelimelle."},
 "inminutes": {"value": "minuuteissa"},
 "ip": {"value": "IP"},
 "ipodlike": {"value": "iPod:in kaltainen"},
 "ipodlikecaption": {"value": "Sopii käyttäjille, jotka ovat tottuneet IPod:in toimintatapaan."},
 "language": {"value": "Kieli"},
 "languagecaption": {"value": "Käytetään asetuksissa ja navigointirakenteessa"},
 "lastdbchange": {"value": "Viimeisin tietokannan päivitys"},
 "license1": {"value": "Kokeiluversio"},
 "license2": {"value": "Twonky Server versio"},
 "license-201": {"value": "Avain ei kelpaa."},
 "license-202": {"value": "Tuotteen Twonky Server rekisteröinti ei ole mahdollista TwonkyMusic-lisenssillä. "},
 "license-203": {"value": "Avain ei kelpaa tälle palvelinversiolle."},
 "license-204": {"value": "Avain ei kelpaa tälle palvelinversiolle."},
 "license-205": {"value": "Avain on jo toisen palvelininstanssin käytössä."},
 "license-206": {"value": "Kokeiluversion käyttöaika on päättynyt. Jos olet jo syöttänyt lisenssiavaimen, kokeile käynnistää uudelleen laite, johon Twonky Server on asennettu."},
 "license3": {"value": "Twonky Server ja TwonkyManagr kevyt versio."},
 "license4": {"value": "Twonky Server ja TwonkyManagr täysi versio."},
 "licenseinfo": {"value": "Lisenssin tiedot"},
 "licensekey": {"value": "Lisenssiavain"},
 "licensekeycaption": {"value": "Syötä lisenssiavain aktivoidaksesi tämä ohjelmisto. Jos sinulla ei ole avainta, vieraile osoitteessa www.twonky.com."},
 "licensinginfo": {"value": "Lisenssin tiedot"},
 "local_folder": {"value": "Paikallinen kansio"},
 "local_syncfolder_desc": {"value": "<b>Paikallinen kansio:</b> Anna tiedostopolku, jossa kansio sijaitsee tällä tietokoneella. Esimerkki: &quot;c:\\videos&quot;."},
 "loggedinas": {"value": "Olet kirjautunut käyttäjänä"},
 "logging": {"value": "Loki"},
 "login": {"value": "kirjaudu"},
 "loginneededcaption": {"value": "Twonky-osoitteesi on aktivoitu, mutta et ole kirjautunut."},
 "mac": {"value": "MAC"},
 "mediareceivers": {"value": "Mediavastaanottimet"},
 "minutes": {"value": "minuuttia"},
 "mirror": {"value": "Automaattinen kopiointi"},
 "mirrorcaption": {"value": "Luo kopion muiden palvelinten jakamasta sisällöstä ja tallentaa sen tähän laitteeseen. Näin mediatiedostot ovat käytettävissä myös silloin, kun toinen palvelin ei ole kytkettynä verkkoon."},
 "mirrorrecommended": {"value": "Käyttäjät, joiden palvelin voi väliaikaisesti poistua verkosta. Tällaisia ovat mm. matkapuhelimet ja kannettavat tietokoneet. Tämän toiminnon avulla käyttäjä voi automaattisesti kopioida kuvat, videot ja musiikin Apple- tai Android-laiteestaan kotipalvelimelleen."},
 "mobile": {"value": "Mobiili"},
 "mobilecaption": {"value": "Sopii parhaiten mobiililaitteille"},
 "mpeglicense": {"value": "MPEG Layer-3 -äänenkoodaustekniikka on lisensoitu Fraunhofer IIS:ltä ja Thomsonilta."},
 "music": {"value": "Musiikki"},
 "myexperience": {"value": "Paranna käyttäjäkokemusta"},
 "myexperience_desc": {"value": "Voit auttaa meitä parantamaan käyttäjäkokemusta. Tämä Twonky-tuote voi halutessasi lähettää automaattisesti tietoja siitä, miten sitä käytetään ja millaisia laitteita kodissasi on. Nämä tiedot eivät sisällä sellaisia tunnisteita, joiden avulla voitaisiin tunnistaa sinut tai toistamasi media. PacketVideo ei jaa näitä tietoja muiden osapuolten kanssa; niitä käytetään vain kootusti PacketVideon tuotteiden parantamiseen.<b><b>Palauteohjelmaan osallistuminen on vapaaehtoista. Voit liittyä ohjelmaan tai erota siitä koska tahansa."},
 "mylibrary": {"value": "Oma kirjasto"},
 "mytwonky.com": {"value": "Twonky.com"},
 "mytwonkyaccount": {"value": "Twonky-tili"},
 "navtree": {"value": "Navigointirakenne"},
 "navtreecaption": {"value": "Seuraavia asetuksia käytetään oletusarvoisesti kaikille uusille mediavastaanottimille. Laitekohtaiset asetukset voi määrittää kohdassa 'Jakaminen - Mediavastaanottimet'."},
 "navtype": {"value": "Navigointitapa"},
 "networkinterfaces": {"value": "Verkkoliitäntä"},
 "nicrestart": {"value": "Käynnistä uudelleen verkkoliitäntä(NIC)-muutosten yhteydessä"},
 "nicrestartcaption": {"value": "Ota käyttöön tai poista käytöstä palvelimen dynaaminen uudelleenkäynnistys verkkoliitäntä(NIC)-muutosten yhteydessä. Huomaa, että palvelimen uudelleenkäynnistys katkaisee mediavirran!"},
 "no": {"value": "Ei"},
 "no_syncfolders": {"value": "Et ole valinnut tältä palvelimelta yhtään kansiota synkronoitavaksi. Voit valita kansiot alla."},
 "no_user_added": {"value": "Ei yhtään käyttäjätiliä synkronointia varten. Halutessasi napsauta painiketta &quot;Lisää uusi käyttäjä&quot;."},
 "noactivestreams": {"value": "Ei virtaustoistoa"},
 "nomusic": {"value": "Ei näytettävää musiikkia."},
 "nophotos": {"value": "Ei näytettäviä kuvia."},
 "notchanged": {"value": "Joitain valitsemiasi asetuksia ei voitu tallentaa."},
 "novideos": {"value": "Ei näytettäviä videoita."},
 "of": {"value": "/"},
 "onlineservices": {"value":"Online Palvelut"},
 "ok": {"value": "OK"},
 "parentdir": {"value": "Yläkansio"},
 "password": {"value": "Salasana"},
 "photo": {"value": "Kuva"},
 "photos": {"value": "Kuvat"},
 "play": {"value": "Toisto"},
 "pleaselogin": {"value": "Käy myTwonky"},
 "portalconnecting": {"value": "Tarkistetaan tilaa..."},
 "portaldisabled": {"value": "Portaali ei käytössä"},
 "portaldisassociate": {"value": "Erota tästä tilistä"},
 "premiumserver": {"value": "Twonky Server Premium"},
 "receivertype": {"value": "Mediavastaanottimen tyyppi"},
 "recommendedfor": {"value": "Suositellaan"},
 "registerserver": {"value": "Rekisteröi palvelin"},
 "registrationoptional": {"value": "Rekisteröi palvelimesi"},
 "registrationoptionalcaption": {"value": "Twonky Server on nyt asennettu, mutta ei yhdistetty Online Palvelut-palveluun. Rekisteröitymällä saat lisää toimintoja."},
 "registrationrequired": {"value": "Rekisteröityminen vaaditaan"},
 "registrationrequiredcaption": {"value": "Twonky Server on nyt asennettu, mutta ei aktivoitu. Twonky Server aktivoidaan kirjautumalla tai rekisteröitymällä myTwonky.com-palveluun.  Palvelin ei toimi ilman rekisteröintiä."},
 "reload_config": {"value": "Lataa uudelleen kokoonpanotiedot."},
 "reload_failed": {"value": "Uudelleen lataaminen ei onnistunut. Yritä myöhemmin uudelleen."},
 "removablemedia": {"value": "Siirrettävä tietoväline"},
 "removablemediacaption": {"value": "Kun tämä toiminto otetaan käyttöön, Twonky Server jakaa automaattisesti kaikki mediatiedostot kytketyltä siirrettävältä tietovälineeltä, kuten USB-muistitikulta. Kun muistiväline poistetaan järjestelmästä, sen sisältämät tiedostot eivät enää näy palvelimella."},
 "renewlicense": {"value": "Jotta käyttöoikeus pysyy voimassa, on sinun vierailtava myTwonky.com:ssa {0} tunnin ja {1} minuutin kuluessa."},
 "renewlicenseindays": {"value": "Vieraile osoitteessa myTwonky.com {0} päivän kuluessa uudistaaksesi käyttöoikeudet."},
 "rescancaption": {"value": "Tämä asetus määrittää tavan, jolla palvelin havaitsee muutokset jaettujen kansioiden sisällössä. Jos asetuksen arvo on 0, on sisällön automaattinen päivitys pois käytöstä. Positiivinen arvo määrittää tarkistusten välin minuuteissa. Arvo -1 määrittää palvelimen tarkkailemaan sisältökansioita ja tekemään muutokset heti niiden tapahtuessa."},
 "rescancontent": {"value": "Päivitä jaettu sisältö"},
 "rescaninterval": {"value": "Uudelleen tarkistuksen aikaväli"},
 "resetdefaults": {"value": "Palauta oletusasetukset"},
 "resetlist": {"value": "Tyhjennä luettelo"},
 "resetprompt": {"value": "Palauta mediapalvelimen oletusasetukset? Tätä toimintoa ei voi peruuttaa."},
 "restartpending": {"value": "Palvelin on käynnistettävä uudelleen"},
 "restartprompt": {"value": "Huomaa, että jotkin muutokset tulevat voimaan vasta palvelimen käynnistyttyä uudelleen.<br /><br />Käynnistetäänkö uudelleen nyt?"},
 "restartserver": {"value": "Käynnistä palvelin uudelleen"},
 "rights": {"value": "Oikeudet"},
 "rights_desc": {"value": "<b>Oikeudet:</b>  Voit määrittää kansion käyttöoikeudet. Voit valita joko luku- ja kirjoitusoikeudet tai pelkät lukuoikeudet."},
 "rmautoshare": {"value": "Jaa automaattisesti siirrettävä tietoväline"},
 "savechanges": {"value": "Tallenna muutokset"},
 "saveprompt": {"value": "Olet tehnyt muutoksia, joita ei ole tallennettu. Haluatko tallentaa vai hylätä muutokset?"},
 "seconds": {"value": "sekuntia"},
 "securedcaption": {"value": "Voit suojata Twonky Server-asetukset määrittämällä käyttäjätunnuksen ja salasanan."},
 "securedserversettings": {"value": "Suojatut palvelimen asetukset"},
 "select": {"value": "Valitse"},
 "selectfolder": {"value": "Valitse jaettava kansio"},
 "selectsyncfolder": {"value": "Valitse kansio, joka on käytettävissä synkronointia varten."},
 "server_build_date": {"value": "Palvelimen luontipäivä"},
 "servermaintenance": {"value": "Palvelimen huolto"},
 "servername": {"value": "Palvelimen nimi"},
 "serverrestarting": {"value": "Palvelin käynnistyy uudelleen. Ole hyvä ja odota."},
 "serversettings": {"value": "Palvelimen asetukset"},
 "settings": {"value": "Asetukset"},
 "setup": {"value": "Asennus"},
 "sharedfolders": {"value": "Jaetut kansiot"},
 "sharedfolderscaption": {"value": "Alla lueteltuihin kansioihin tallennettu media jaetaan verkon muiden laitteiden käyttöön. Voit rajoittaa kustakin kansiosta jaettavan median lajeja. Poistamalla vasemman valintaruudun valinta pääsy kansioon estyy. <br/><br/>Valitse oikealla oleva valintaruutu, jos verkossa on toinen palvelin, joka on asetettu kokoamaan ja näyttämään keskitetysti kaikkien verkon palvelinten jakama sisältö,  ja haluat tämän kansion sisällön mukaan. Jos haluat lisätietoja tästä toiminnosta, tutustu valikon kohtaan 'Kokoaminen'."},
 "shareforagg": {"value": "Kokoamisen käytettävissä"},
 "sharing": {"value": "Jakaminen"},
 "sharingCaption": {"value": "Määritä media, joka jaetaan kotiverkossasi"},
 "show": {"value": "Näytä"},
 "simpledefault": {"value": "Klassinen median navigointirakenne"},
 "simpledefaultcaption": {"value": "Riittävä pienille kirjastoille"},
 "songs": {"value": "Musiikkikappaletta"},
 "status": {"value": "Tila"},
 "status_desc": {"value": "Twonky mahdollistaa langattoman sisällön synkronoinnin valittuja Twonky-ohjelmistoja käyttävien laitteiden välillä. Jotta tämä toiminto on käytettävissä, on kaikkien käytettävien Twonky-ohjelmistojen synkronointiasetukset määritettävä. Tällä sivulla voidaan määrittää tämän laitteen kansiot, jotka ovat synkronoitavissa. Lisäksi tulee määrittää synkronointiasetukset toisessa sovelluksessa (esimerkiksi Twonky Mobile; katso kyseisen sovelluksen omat ohjeet).  <br/><br/>Oletusarvoisesti synkronoitavissa on kaikki sisältö, joka on tallennettu käyttäjän musiikki-, video- tai kuvakansioon luotuun -&quot;\\Twonky\\Sync&quot;- alikansioon.<br/><br/>Voit mukauttaa asetuksia alla."},
 "syncfolder_desc": {"value": "Valitse kansio, jonka sisältö halutaan antaa synkronointisovellusten käyttöön."},
 "syncfolder_name": {"value": "Lyhyt nimi"},
 "syncfolder_name_desc": {"value": "<b>Lyhyt nimi:</b> Nimi, jolla tämä kansio näkyy synkronointisovelluksessa. Esimerkiksi &quot;Omat Videot&quot;."},
 "syncfolder_new_share_info": {"value": "Syötä uuden synkronoitavan kansion tiedot:"},
 "syncfolders": {"value": "Synkronoitavissa olevat kansiot"},
 "synchronization": {"value": "Synkronointi"},
 "syncurl": {"value": "Synkronointipalvelimen URL"},
 "twitter": {"value": "Twitter"},
 "twonky.com": {"value": "Twonky.com"},
 "twonkyforums": {"value": "Twonky Forum"},
 "Twonky Server": {"value": "Twonky Server"},
 "Twonky Servertextpart2": {"value": "Special"},
 "update": {"value": "Päivitä"},
 "uptime": {"value": "Palvelimen toiminta-aika"},
 "user_name_desc": {"value": "<b>Käyttäjänimi:</b> voit valita yhden tilin, jonka käyttäjänimeä ja salasanaa käytetään suojaamaan pääsy sisältöön. Jos haluat avoimet käyttöoikeudet, valitse käyttäjäluettelosta &quot;Kaikki&quot;."},
 "username": {"value": "Käyttäjänimi"},
 "users": {"value": "Käyttäjät"},
 "users_desc": {"value": "Synkronoitavien kansioiden käyttöoikeuksia säädellään käyttäjätilien avulla. Jotta sovellus saa käyttöoikeuden näihin kansioihin, on käyttäjän syötettävä käyttäjänimi ja salasana. Jos tietoturvasta on huolehdittu muilla tavoin, voidaan ottaa käyttöön anonyymi  käyttö, jolloin käyttäjätunnusta ja salasanaa ei tarvita."},
 "users_subdesc": {"value": "Alla voit luoda ja poistaa käyttäjätilejä. Poistaaksesi käyttäjän, valitse käyttäjätunnus luettelosta ja napsauta &quot;Poista&quot;. Lisätäksesi uuden käyttäjätilin napsauta painiketta &quot;Lisää uusi käyttäjä&quot; ja syötä haluttu käyttäjänimi sekä salasana."},
 "version": {"value": "Versio:"},
 "video": {"value": "Video"},
 "videos": {"value": "Videot"},
 "view": {"value": "Näkymä"},
 "viewlogfile": {"value": "Näytä lokitiedosto"},
 "visit": {"value": "Vieraile"},
 "wmdrmstatus": {"value": "Windows Media DRM -tila"},
 "year": {"value": "Vuosi:"},
 "yes": {"value": "Kyllä"},
 "youtube": {"value": "YouTube"},
 "mobileApps": {"value": "Mobiilisovellukset"},
 "helpCenter": {"value": "Ohjeet"},
 "servernamecaption": {"value": "Parhaan tuloksen saavuttamiseksi, käytä vain kirjaimia, numeroita, välilyöntiä, pistettä ja pilkkua, koska jotkut mediasoittimet eivät näytä muita merkkejä oikein."},
 "playbackbeamreportingcaption": {"value": "Paranna käyttökokemustani sallimalla Twonky 7:n jakaa tietoja Twonky Yksityisyyden Suojan mukaisesti (Twonky Privacy Policy)."}
 }
