{
 "activestreams": {"value": "스트리밍"},
 "activitystatus": {"value": "활성화 상태"},
 "add_new_user": {"value": "새 사용자 추가"},
 "add_share": {"value": "폴더 추가"},
 "addnewfolder": {"value": "새 폴더 추가"},
 "advanced": {"value": "고급"},
 "advanceddefault": {"value": "고급 미디어 탐색"},
 "advanceddefaultcaption": {"value": "대규모 라이브러리를 위한 더욱 뛰어나고 빠른 액세스"},
 "aggregate": {"value": "통합"},
 "aggregatecaption": {"value": "파일을 복사하지 않고도 통합 서버의 탐색 트리에 모든 통합 콘텐츠 항목의 목록을 보여줍니다."},
 "aggregaterecommended": {"value": "항상 네트워크에 연결되어 있고 이용이 가능한 다중 서버 사용자."},
 "aggregation": {"value": "통합"},
 "aggregationcaption": {"value": "통합이 활성화되면, Twonky Server는 Twonky Server 또는 Windows Media Player를 실행하는 다른 모든 장치로부터 정보를 수집하여 사용자 네트워크에서 사용 가능한 모든 미디어를 하나의 통합 보기로 나타냅니다. 이 기능을 사용하면 특정 미디어 항목을 검색할 때 다른 서버로 변경할 필요가 없습니다. Twonky Server는 중복 항목을 자동으로 숨겨줍니다."},
 "aggregationmode": {"value": "통합 모드"},
 "aggregationmodecaption": {"value": "새로 발견된 서버에 대해 기본 모드."},
 "aggservers": {"value": "통합 서버"},
 "aggserverscaption": {"value": "다음은 다른 서버에서 정보를 수집해 사용 가능한 전체 미디어를 하나의 통합 보기로 제공하는 사용자 홈 네트워크 상의 Twonky Server 목록입니다. 사용자 개인 정보 보호를 위해 통합 서버는 본 서버가 공유하는 미디어를 액세스할 수 없도록 기본 설정되었습니다. 사용자 미디어를 통합 보기에 나타나게 하려면 아래 목록에서 하나 이상의 통합 서버에 대해 액세스를 승인해야 합니다. "},
 "album": {"value": "앨범:"},
 "allcontenttypes": {"value": "모든 콘텐츠 유형"},
 "any": {"value": "모두"},
 "artist": {"value": "아티스트:"},
 "availableservers": {"value": "사용 가능한 서버"},
 "availableserverscaption": {"value": "Twonky Server로 통합할 수 있는 사용자 홈 네트워크의 서버 목록. 각각의 서버에 대해 사용자는 통합할 미디어 유형과 더불어 통합 모드를 선택할 수 있습니다."},
 "browse": {"value": "검색"},
 "builddate": {"value": "서버 구축 일자"},
 "byfolder": {"value": "폴더별"},
 "byfoldercaption": {"value": "사용자 폴더 구조 사용"},
 "cachemem": {"value": "캐시 메모리"},
 "cancel": {"value": "취소"},
 "cdkey": {"value": "등록 키"},
 "clearcache": {"value": "캐시 지우기"},
 "clearlogfile": {"value": "로그 파일 지우기"},
 "clientreset": {"value": "클라이언트 목록을 새로 고치는 동안 잠시만 기다려 주십시오."},
 "compilationcaption": {"value": "음악 편집으로 다뤄야 하는 모든 폴더의 목록을 보여줍니다. 폴더를 구분하려면 쉼표를 사용하십시오."},
 "compilationdirs": {"value": "편집 폴더"},
 "connect": {"value": "안내에 따라주시기 바랍니다."},
 "connectionissue": {"value": "서버를 이용하려면 인터넷 연결을 유지해 주십시오."},
 "copyright": {"value": "&copy; 2004-2013 PacketVideo Corporation. 판권 소유."},
 "days": {"value": "일"},
 "daysremaining": {"value": "남은 평가판 사용 가능 일수."},
 "delete": {"value": "삭제"},
 "detailedstatus": {"value": "상태 세부 정보"},
 "dialog_admin_acc_could_not_update": {"value": "관리자 계정은 업데이트할 수 없습니다."},
 "dialog_delete_user": {"value": "&quot;{0}&quot;을(를) 삭제하면 &quot;{1}&quot; 관련 폴더에 대해 익명 액세스가 설정됩니다. 승인하면 해당 폴더와 동기화할 때 인증이 필요하지 않습니다."},
 "dialog_enter_alias_name": {"value": "별칭을 입력하십시오."},
 "dialog_enter_share_dir": {"value": "디렉토리를 입력하십시오."},
 "dialog_enter_valid_pw": {"value": "유효한 비밀번호를 입력하십시오."},
 "dialog_enter_valid_un": {"value": "유효한 사용자 이름을 입력하십시오."},
 "dialog_failed_delete_share": {"value": "공유 항목을 삭제하지 못했습니다."},
 "dialog_failed_to_rem_usr_rights": {"value": "사용자 권한을 제거하지 못했습니다."},
 "dialog_invalid_share_name_1": {"value": "약식 이름이 유효하지 않습니다. 약식 이름은 한 단어여야 하며, 단어 사이에 여러 &rsquo;{0}&rsquo;을(를) 가질 수 없습니다."},
 "dialog_invalid_share_name_2": {"value": "약식 이름이 유효하지 않습니다. 약식 이름은 한 단어여야 하며, 이름 안에 &rsquo;{0}&rsquo;을(를) 가질 수 없습니다."},
 "dialog_invalid_share_path": {"value": "경로가 유효하지 않습니다."},
 "dialog_portaldisassociatefree": {"value": "사용자 Twonky 계정과 본 서버의 연결을 해제하면 서버 기능을 사용할 수 없습니다.</br></br>본 계정의 연결을 해제하시겠습니까?"},
 "dialog_portaldisassociatepremium": {"value": "사용자 Twonky 계정과 본 서버의 연결을 해제하면 사용자 서버의 일부 기능이 제거됩니다.</br></br>본 계정의 연결을 해제하시겠습니까?"},
 "dialog_reserve_user_name": {"value": "&quot;{0}&quot;은(는) 사용자 이름으로 사용할 수 없습니다."},
 "dialog_server_req_failed": {"value": "Twonky Server에서 정보를 가져오지 못했습니다."},
 "dialog_share_added_success": {"value": "폴더가 추가되었습니다."},
 "dialog_user_add_success": {"value": "사용자가 추가되었습니다."},
 "discardchanges": {"value": "변경사항 취소"},
 "enable": {"value": "활성화"},
 "enableaggregation": {"value": "통합 활성화"},
 "enablelogging": {"value": "로깅 활성화"},
 "enablesharing": {"value": "자동으로 새 미디어 리시버 공유 활성화"},
 "enter": {"value": "입력"},
 "enter_valid_pw": {"value": "유효한 비밀번호 입력"},
 "enter_valid_un": {"value": "유효한 사용자 이름 입력"},
 "facebook": {"value": "Facebook"},
 "faqs": {"value": "자주 묻는 질문"},
 "filesize": {"value": "파일 크기:"},
 "format": {"value": "포맷:"},
 "freeserver": {"value": "Twonky"},
 "friendlyname": {"value": "별명"},
 "genre": {"value": "장르:"},
 "gethelp": {"value": "도움말"},
 "here": {"value": "여기"},
 "hide": {"value": "숨기기"},
 "hours": {"value": "시간"},
 "ignore": {"value": "무시"},
 "ignorecaption": {"value": "새로 발견된 서버와 아무런 작업도 하지 않습니다."},
 "ignorerecommended": {"value": "네트워크 상에서 각 서버마다 다른 설정을 정의하려는 사용자."},
 "inminutes": {"value": "분 단위"},
 "ip": {"value": "IP"},
 "ipodlike": {"value": "iPod형"},
 "ipodlikecaption": {"value": "iPod 구조가 더 편리한 사용자용"},
 "language": {"value": "언어"},
 "languagecaption": {"value": "설정 및 탐색 트리에 사용"},
 "lastdbchange": {"value": "최종 데이터베이스 업데이트"},
 "license1": {"value": "평가판"},
 "license2": {"value": "Twonky Server 버전"},
 "license-201": {"value": "키가 유효하지 않습니다."},
 "license-202": {"value": "TwonkyMusic 라이선스로는 Twonky Server에 등록할 수 없습니다."},
 "license-203": {"value": "이 키는 본 서버 버전에 유효하지 않습니다."},
 "license-204": {"value": "이 키는 본 서버 버전에 유효하지 않습니다."},
 "license-205": {"value": "이 키는 이미 다른 서버 인스턴스에서 사용 중입니다."},
 "license-206": {"value": "평가판이 만료되었습니다. 라이선스 키를 이미 입력했다면, Twonky Server가 실행 중인 장치를 다시 시작하십시오."},
 "license3": {"value": "Twonky Server 및 TwonkyManager Lite 버전"},
 "license4": {"value": "Twonky Server 및 TwonkyManager 풀버전"},
 "licenseinfo": {"value": "라이선스 정보"},
 "licensekey": {"value": "라이선스 키"},
 "licensekeycaption": {"value": "본 소프트웨어를 활성화하려면 라이선스 키를 입력하십시오. 라이선스를 제공받지 않은 경우 www.twonky.com를 방문하면 라이선스를 받을 수 있습니다."},
 "licensinginfo": {"value": "라이선스 제공 정보"},
 "local_folder": {"value": "로컬 폴더"},
 "local_syncfolder_desc": {"value": "<b>로컬 폴더:</b>  이 컴퓨터 상에서 폴더가 위치하는 경로를 입력하십시오. 예를 들면 &quot;c:\\videos&quot;과(와) 같이 입력해야 합니다."},
 "loggedinas": {"value": "다음과 같이 로그인되어 있습니다."},
 "logging": {"value": "로깅"},
 "login": {"value": "로그인"},
 "loginneededcaption": {"value": "Twonky 계정이 활성화되었지만 로그인하지 않았습니다."},
 "mac": {"value": "MAC"},
 "mediareceivers": {"value": "미디어 리시버"},
 "minutes": {"value": "분"},
 "mirror": {"value": "자동복사"},
 "mirrorcaption": {"value": "다른 서버 콘텐츠의 복사본을 만들어 본 장치에 저장하기 때문에 다른 서버가 네트워크에 연결되어 있지 않을 때에도 해당 미디어 파일을 사용할 수 있습니다."},
 "mirrorrecommended": {"value": "일시적으로 네트워크와의 연결이 해제될 수 있는 노트북이나 휴대 전화로 서버에 연결한 사용자. 이 옵션을 사용하면 Twonky Mobile 사용자는 Apple이나 Android 장치의 사진, 비디오 및 음악을 사용자의 홈 서버로 자동 복사할 수 있습니다."},
 "mobile": {"value": "모바일"},
 "mobilecaption": {"value": "모바일 장치에 최적"},
 "mpeglicense": {"value": "Fraunhofer IIS 및 Thomson으로부터 라이선스를 받은 MPEG Layer-3 오디오 코딩 기술."},
 "music": {"value": "음악"},
 "myexperience": {"value": "사용자 환경 개선"},
 "myexperience_desc": {"value": "본 Twonky 제품을 사용하여 가정에서 사용 중인 장치의 유형이나 제품 사용 방식에 대한 정보를 자동으로 PacketVideo에 전송해 주십시오. 수집된 정보는 제품 사용자 환경을 개선하는 데 유용하게 사용됩니다. 전송된 데이터는 재생한 미디어나 사용자 개인 정보를 포함하지 않습니다. PacketVideo는 본 정보를 타사와 공유하지 않으며, 수집된 정보는 통합되어 제품 품질 개선의 용도로만 사용됩니다.<br><br>고객 환경 피드백의 참가 여부는 사용자의 의사를 따릅니다. 참가를 희망하는 사용자는 등록할 수 있으며, 이미 참가 중인 사용자도 참가를 중단할 수 있습니다."},
 "mylibrary": {"value": "내 라이브러리"},
 "mytwonky.com": {"value": "Twonky.com"},
 "mytwonkyaccount": {"value": "Twonky 계정"},
 "navtree": {"value": "탐색 트리"},
 "navtreecaption": {"value": "모든 새 미디어 리시버에 대해 다음 설정을 기본으로 사용합니다. 각 미디어 리시버에 대한 개별 값은 공유 - 미디어 리시버에서 설정할 수 있습니다."},
 "navtype": {"value": "탐색 유형"},
 "networkinterfaces": {"value": "네트워크 인터페이스"},
 "nicrestart": {"value": "NIC 변경사항에 따라 다시 시작"},
 "nicrestartcaption": {"value": "모든 NIC 변경사항에 대한 서버의 동적 다시 시작을 활성화 또는 비활성화합니다. 서버를 다시 시작하면 스트리밍이 중단된다는 점을 유의하십시오!"},
 "no": {"value": "아니오"},
 "no_syncfolders": {"value": "본 서버의 동기화 가능 폴더를 선택하지 않았습니다. 선택할 수 있는 폴더는 아래와 같습니다."},
 "no_user_added": {"value": "동기화를 위한 사용자 계정을 생성하지 않았습니다. 아래의 &quot;새 사용자 추가&quot; 버튼을 클릭하면 계정을 만들 수 있습니다."},
 "noactivestreams": {"value": "스트리밍하지 않음"},
 "nomusic": {"value": "표시할 음악 없음."},
 "nophotos": {"value": "표시할 사진 없음."},
 "notchanged": {"value": "변경사항 중 일부를 저장할 수 없습니다."},
 "novideos": {"value": "표시할 비디오 없음."},
 "of": {"value": "중"},
 "ok": {"value": "확인"},
 "parentdir": {"value": "상위 폴더"},
 "password": {"value": "비밀번호"},
 "photo": {"value": "사진"},
 "photos": {"value": "사진"},
 "play": {"value": "재생"},
 "pleaselogin": {"value": "myTwonky 방문하십시오"},
 "portalconnecting": {"value": "상태 확인 중..."},
 "portaldisabled": {"value": "포털이 비활성화됨"},
 "portaldisassociate": {"value": "본 계정의 연결 해제"},
 "premiumserver": {"value": "Twonky Server Premium"},
 "receivertype": {"value": "미디어 리시버 유형"},
 "recommendedfor": {"value": "다음을 위해 권장"},
 "registerserver": {"value": "서버 등록"},
 "registrationoptional": {"value": "사용자 서버 등록"},
 "registrationoptionalcaption": {"value": "Twonky Server가 설치되었지만 myTwonky.com에 연결되지 않았습니다. 등록하면 더 많은 기능에 액세스할 수 있습니다."},
 "registrationrequired": {"value": "등록 필요"},
 "registrationrequiredcaption": {"value": "Twonky Server가 설치되었지만 활성화되지 않았습니다. Twonky Server를 활성화하려면 myTwonky.com에 등록하거나 로그인해 주십시오. 등록하지 않으면 서버가 제대로 작동하지 않습니다."},
 "reload_config": {"value": "구성 다시 로드"},
 "reload_failed": {"value": "다시 로드할 수 없습니다. 나중에 다시 시도하십시오."},
 "removablemedia": {"value": "이동식 미디어"},
 "removablemediacaption": {"value": "이 기능을 활성화하면 Twonky Server는 USB와 같은 이동식 미디어 장치의 모든 미디어 파일을 자동으로 공유하게 됩니다. 이동식 미디어 장치를 분리하면 해당 미디어 파일은 더 이상 서버에 나타나지 않습니다."},
 "renewlicense": {"value": "myTwonky.com을 {0}시간 {1}분 내에 방문하여 라이선스를 갱신해야 합니다."},
 "renewlicenseindays": {"value": "라이선스를 갱신하려면 {0}일 안에 myTwonky.com을 방문하십시오."},
 "rescancaption": {"value": "이 옵션은 서버의 다시 스캔 방식을 설정합니다. 0으로 설정하면 자동 다시 스캔이 비활성화됩니다. 양수의 값은 콘텐츠 폴더 다시 스캔 주기를 분 단위로 설정합니다. -1로 설정하면 다시 스캔을 사용하지 않아도 서버가 새로운 콘텐츠가 추가된 콘텐츠 폴더를 자동으로 확인합니다."},
 "rescancontent": {"value": "콘텐츠 폴더 다시 스캔"},
 "rescaninterval": {"value": "다시 스캔 간격"},
 "resetdefaults": {"value": "기본값으로 초기화"},
 "resetlist": {"value": "목록 초기화"},
 "resetprompt": {"value": "모든 설정을 기본값으로 초기화하시겠습니까? 초기화 후에는 이전 설정으로 돌아갈 수 없습니다."},
 "restartpending": {"value": "서버 다시 시작 대기 중"},
 "restartprompt": {"value": "적용한 변경사항 중 일부는 서버를 다시 시작해야만 적용됩니다.<br /><br />지금 다시 시작하시겠습니까?"},
 "restartserver": {"value": "서버 다시 시작"},
 "rights": {"value": "권한"},
 "rights_desc": {"value": "<b>권한:</b>  폴더 액세스 권한을 설정할 수 있습니다. 읽기와 쓰기가 모두 가능한 액세스와 읽기 전용 액세스 중 선택하십시오."},
 "rmautoshare": {"value": "이동식 미디어 장치 자동 공유"},
 "savechanges": {"value": "변경사항 저장"},
 "saveprompt": {"value": "변경사항이 저장되지 않았습니다. 변경사항을 저장 또는 취소하시겠습니까?"},
 "seconds": {"value": "초"},
 "securedcaption": {"value": "Twonky Server 설정 페이지뿐만 아니라 동기화를 위한 액세스에도 사용자 이름과 비밀번호를 사용한 보안 기능을 적용할 수 있습니다."},
 "securedserversettings": {"value": "보안 기능 적용 서버 설정"},
 "select": {"value": "선택"},
 "selectfolder": {"value": "공유할 폴더 선택"},
 "selectsyncfolder": {"value": "동기화를 위해 액세스할 수 있는 폴더를 선택하십시오. "},
 "server_build_date": {"value": "서버 구축 일자"},
 "servermaintenance": {"value": "서버 유지 보수"},
 "servername": {"value": "서버 이름"},
 "serverrestarting": {"value": "서버를 다시 시작하는 동안 잠시만 기다려 주십시오."},
 "serversettings": {"value": "서버 설정"},
 "settings": {"value": "설정"},
 "setup": {"value": "설치"},
 "sharedfolders": {"value": "공유 폴더"},
 "sharedfolderscaption": {"value": "아래 폴더의 미디어는 사용자 네트워크의 다른 장치에서도 사용할 수 있습니다. 각 폴더에서 공유하는 미디어 유형을 제한할 수 있습니다. 좌측 박스의 선택을 해제하면 해당 폴더의 미디어에 대한 액세스가 비활성화됩니다. <br/><br/>사용자 네트워크 중 모든 서버에서 미디어 파일을 수집해 통합하여 표시하는 또 다른 서버가 있을 경우, 우측 박스를 선택하면 해당 폴더의 미디어를 다른 서버가 통합할 수 있습니다. 이 기능에 대한 자세한 사항은 통합 메뉴에서 확인하십시오."},
 "shareforagg": {"value": "통합 가능"},
 "sharing": {"value": "공유"},
 "sharingCaption": {"value": "로컬 네트워크에서 공유하는 미디어를 정의합니다."},
 "show": {"value": "보여주기"},
 "simpledefault": {"value": "클래식 미디어 탐색"},
 "simpledefaultcaption": {"value": "소규모 라이브러리에는 충분함"},
 "songs": {"value": "노래"},
 "status": {"value": "상태"},
 "status_desc": {"value": "Twonky는 Twonky 응용 프로그램을 실행 중인 장치 간에 콘텐츠를 무선으로 동기화할 수 있게 해줍니다. 이 기능을 이용하여 각 Twonky 응용 프로그램의 동기화 설정을 구성해야 합니다. 본 페이지에서는 다른 서버가 동기화를 위해 액세스할 수 있는 폴더를 설정할 수 있습니다. 설치를 완료하려면 Twonky Mobile과 같은 다른 응용 프로그램의 동기화 설정을 구성해야 합니다. 해당 응용 프로그램 내의 설명서를 참고하십시오. <br/><br/>사용자의 기본 음악, 사진 및 비디오 폴더 내 하위폴더 \\Twonky\\Sync에 위치한 모든 미디어는 자동으로 동기화되도록 기본 설정되어 있습니다.<br/><br/>아래의 동기화 설정은 사용자가 맞춤 설정할 수 있습니다."},
 "syncfolder_desc": {"value": "폴더의 콘텐츠를 동기화 응용 프로그램이 사용할 수 있게 하려면 해당 폴더를 선택하십시오."},
 "syncfolder_name": {"value": "약식 이름"},
 "syncfolder_name_desc": {"value": "<b>약식 이름:</b>  동기화 응용 프로그램을 통해 본 폴더의 콘텐츠를 찾을 때 사용할 이름입니다. 예를 들면, &quot;내 비디오&quot;와 같이 입력해야 합니다."},
 "syncfolder_new_share_info": {"value": "새로운 동기화 가능 폴더를 선택하기 위한 정보 입력:"},
 "syncfolders": {"value": "동기화를 위해 액세스 가능한 폴더"},
 "synchronization": {"value": "동기화"},
 "syncurl": {"value": "동기화 서버 URL"},
 "twitter": {"value": "Twitter"},
 "twonky.com": {"value": "Twonky.com"},
 "twonkyforums": {"value": "Twonky 포럼"},
 "Twonky Server": {"value": "Twonky Server"},
 "Twonky Servertextpart2": {"value": "Special"},
 "update": {"value": "업데이트"},
 "uptime": {"value": "서버 작동 시간"},
 "user_name_desc": {"value": "<b>사용자 이름:</b>  콘텐츠 액세스에 보안 기능을 설정하기 위해 사용자 이름과 비밀번호가 필요한 단일 사용자 계정을 입력할 수 있습니다. 사용자 이름/비밀번호를 사용하지 않는 자유로운 액세스를 위해서는 사용자 목록에서 &quot;모든 사용자&quot;를 선택하십시오."},
 "username": {"value": "사용자 이름"},
 "users": {"value": "사용자"},
 "users_desc": {"value": " 사용자 계정을 사용해 동기화 가능 폴더로의 액세스를 제어합니다. 해당 폴더에 응용 프로그램이 액세스하려면 사용자 이름과 비밀번호를 입력해야 합니다. 보안에 대한 걱정이 없을 경우, 해당 폴더에 대해 익명 액세스를 설정하면 사용자 이름이나 비밀번호를 입력할 필요가 없습니다."},
 "users_subdesc": {"value": "아래의 사용자 계정을 생성 또는 삭제할 수 있습니다. 기존 사용자를 삭제하려면, 목록에서 사용자를 선택한 후 &quot;삭제&quot;를 클릭하십시오. 새로운 사용자 계정을 추가하려면, &quot;새 사용자 추가&quot; 버튼을 클릭한 후 원하는 사용자 이름과 비밀번호를 입력하십시오."},
 "version": {"value": "버전:"},
 "video": {"value": "비디오"},
 "videos": {"value": "비디오"},
 "view": {"value": "보기"},
 "viewlogfile": {"value": "로그 파일 보기"},
 "visit": {"value": "방문"},
 "wmdrmstatus": {"value": "Windows Media DRM 상태"},
 "year": {"value": "년:"},
 "yes": {"value": "예"},
 "youtube": {"value": "YouTube"},
 "mobileApps": {"value": "모바일 앱"},
 "helpCenter": {"value": "도움말 센터"},
 "servernamecaption": {"value": "미디어 플레이어에 적절한 서버 이름이 표시되도록 하려면 문자, 숫자, 공백, 마침표 및/또는 쉼표만 사용하십시오."},
 "playbackbeamreportingcaption": {"value": "Twonky 개인 정보 보호 정책에 따라 Twonky 7에서 정보를 공유하도록 하여 사용자 환경을 개선해 보십시오 (Twonky Privacy Policy)."}
}
