<Client>
	<DeviceId>
		<DisplayName>Netgear MP115</DisplayName>
		<MappingUpdatePolicy>FIX</MappingUpdatePolicy>
	</DeviceId>
	<Capabilities>
		<Scaling>
			<Target>JPEG120x90</Target>
			<Target>JPEG800x600</Target>
		</Scaling>
		<SupportedMediaProfiles>
			<Profile>MP3</Profile>
			<Profile>WAV</Profile>
			<Profile>WMV</Profile>
		</SupportedMediaProfiles>
	</Capabilities>
	<Adaptations>
		<DLNA>
			<Version>DLNANO</Version>
		</DLNA>
		<MimeTranslations>
			<MimeTypeMapping>
				<In>audio/x-aiff</In>
				<Out>audio/aiff</Out>
			</MimeTypeMapping>
			<MimeTypeMapping>
				<In>video/x-msvideo</In>
				<Out>video/avi</Out>
			</MimeTypeMapping>
			<MimeTypeMapping>
				<In>audio/x-flac</In>
				<Out>audio/flac</Out>
			</MimeTypeMapping>
			<MimeTypeMapping>
				<In>audio/L16</In>
				<Out>audio/lpcm</Out>
			</MimeTypeMapping>
			<MimeTypeMapping>
				<In>audio/mp1</In>
				<Out>audio/mpeg</Out>
			</MimeTypeMapping>
			<MimeTypeMapping>
				<In>audio/x-mpeg</In>
				<Out>audio/mpeg</Out>
			</MimeTypeMapping>
			<MimeTypeMapping>
				<In>video/mpeg</In>
				<Out>video/MP1S</Out>
			</MimeTypeMapping>
			<MimeTypeMapping>
				<In>application/ogg</In>
				<Out>audio/x-ogg</Out>
			</MimeTypeMapping>
			<MimeTypeMapping>
				<In>video/mpeg2</In>
				<Out>video/mpeg</Out>
			</MimeTypeMapping>
			<MimeTypeMapping>
				<In>audio/x-wav</In>
				<Out>audio/wav</Out>
			</MimeTypeMapping>
		</MimeTranslations>
	</Adaptations>
	<DeviceQuirks>
		<Quirk>FORCERES</Quirk>
	</DeviceQuirks>
</Client>
