{
 "activestreams": {"value": "流"},
 "activitystatus": {"value": "活動狀態"},
 "add_new_user": {"value": "加入新的使用者"},
 "add_share": {"value": "新增資料夾"},
 "addnewfolder": {"value": "加入新的資料夾"},
 "advanced": {"value": "進階"},
 "advanceddefault": {"value": "進階媒體導覽"},
 "advanceddefaultcaption": {"value": "更好更快地存取大庫"},
 "aggregate": {"value": "彙總"},
 "aggregatecaption": {"value": "在彙總伺服器的瀏覽樹中列出全部彙總內容項目，但不複製檔案。"},
 "aggregaterecommended": {"value": "擁有多個始終連線並可透過網路訪問的伺服器的使用者。"},
 "aggregation": {"value": "彙總"},
 "aggregationcaption": {"value": "啟用「彙總」時，Twonky Server 將從其他執行 Twonky Server 或 Windows Media Player 的裝置收集資訊，並透過一個綜合視圖顯示網路中所有可用的媒體。使用這個功能後，搜尋特定的媒體項目時就不需要在不同伺服器之間切換。Twonky Server 會自動隱藏重複內容。"},
 "aggregationmode": {"value": "彙總模式"},
 "aggregationmodecaption": {"value": "新發現的伺服器預設使用的模式。"},
 "aggservers": {"value": "彙總伺服器"},
 "aggserverscaption": {"value": "下列列出家庭網路中的 Twonky Server，它們將從其他伺服器收集資訊從而透過一個綜合視圖提供所有可用媒體。為了保護您的隱私，這些彙總伺服器在預設情況下無法存取本伺服器共用的媒體。如希望媒體在綜合視圖下可見，您就應當為下列清單中的一個或多個彙總伺服器提供存取許可權。 "},
 "album": {"value": "唱集："},
 "allcontenttypes": {"value": "所有內容類型"},
 "any": {"value": "任何"},
 "artist": {"value": "演出者："},
 "availableservers": {"value": "可用的伺服器"},
 "availableserverscaption": {"value": "家庭網路中可以由 Twonky Server 執行彙總的伺服器清單。對於每個伺服器，您都可以選擇要彙總的媒體類型及彙總模式。"},
 "browse": {"value": "瀏覽"},
 "builddate": {"value": "伺服器產生日期"},
 "byfolder": {"value": "資料夾"},
 "byfoldercaption": {"value": "使用您的資料夾結構"},
 "cachemem": {"value": "快取記憶體"},
 "cancel": {"value": "取消"},
 "cdkey": {"value": "註冊碼"},
 "clearcache": {"value": "清除快取"},
 "clearlogfile": {"value": "清除記錄檔"},
 "clientreset": {"value": "正在重新整理用戶端清單，請稍候。"},
 "compilationcaption": {"value": "列出任何應視為音樂編輯的資料夾。多個資料夾之間用逗號分隔。"},
 "compilationdirs": {"value": "編輯資料夾"},
 "connect": {"value": "關注我們"},
 "connectionissue": {"value": "請保持與網路的連線以便使用伺服器。"},
 "copyright": {"value": "&copy; 2004-2013 PacketVideo Corporation。版權所有。"},
 "days": {"value": "天"},
 "daysremaining": {"value": "天試用期剩餘。"},
 "delete": {"value": "刪除"},
 "detailedstatus": {"value": "詳細狀態"},
 "dialog_admin_acc_could_not_update": {"value": "管理員帳戶無法更新。"},
 "dialog_delete_user": {"value": "刪除 &quot;{0}&quot; 會將與 &quot;{1}&quot; 相關聯的資料夾設定為匿名存取。確認後，與這些資料夾執行同步時將不需要任何身份驗證。"},
 "dialog_enter_alias_name": {"value": "請輸入別名。"},
 "dialog_enter_share_dir": {"value": "請輸入目錄。"},
 "dialog_enter_valid_pw": {"value": "請輸入有效密碼。"},
 "dialog_enter_valid_un": {"value": "請輸入有效使用者名稱。"},
 "dialog_failed_delete_share": {"value": "刪除共用失敗。"},
 "dialog_failed_to_rem_usr_rights": {"value": "刪除使用者許可權失敗。"},
 "dialog_invalid_share_name_1": {"value": "短名稱無效。短名稱應該為單個單詞且單詞之間不能有多個 &rsquo;{0}&rsquo;。"},
 "dialog_invalid_share_name_2": {"value": "短名稱無效。短名稱應該為單個單詞且名稱中不能有 &rsquo;{0}&rsquo;。"},
 "dialog_invalid_share_path": {"value": "路徑無效。"},
 "dialog_portaldisassociatefree": {"value": "中斷此伺服器與您 Twonky 帳戶的連線將停用伺服器功能。</br></br>確定要中斷連線該帳戶？"},
 "dialog_portaldisassociatepremium": {"value": "中斷此伺服器與您 Twonky 帳戶的連線將移除伺服器的某些功能。</br></br>確定要中斷連線該帳戶？"},
 "dialog_reserve_user_name": {"value": "&quot;{0}&quot; 不能用作使用者名稱。"},
 "dialog_server_req_failed": {"value": "從 Twonky Server 擷取資訊失敗。"},
 "dialog_share_added_success": {"value": "成功新增資料夾。"},
 "dialog_user_add_success": {"value": "成功新增使用者。"},
 "discardchanges": {"value": "放棄變更"},
 "enable": {"value": "啟用"},
 "enableaggregation": {"value": "啟用彙總"},
 "enablelogging": {"value": "啟用事件記錄"},
 "enablesharing": {"value": "對新媒體接收器自動啟用共用"},
 "enter": {"value": "輸入"},
 "enter_valid_pw": {"value": "輸入有效密碼"},
 "enter_valid_un": {"value": "輸入有效使用者名稱"},
 "facebook": {"value": "Facebook"},
 "faqs": {"value": "常見問題集"},
 "filesize": {"value": "檔案大小："},
 "format": {"value": "格式："},
 "freeserver": {"value": "Twonky"},
 "friendlyname": {"value": "昵稱"},
 "genre": {"value": "類型："},
 "gethelp": {"value": "獲得說明"},
 "here": {"value": "此處"},
 "hide": {"value": "隱藏"},
 "hours": {"value": "小時"},
 "ignore": {"value": "忽略"},
 "ignorecaption": {"value": "對新發現的伺服器不執行任何操作。"},
 "ignorerecommended": {"value": "希望為網路中的每個伺服器定義不同設定的使用者。"},
 "inminutes": {"value": "以分鐘計"},
 "ip": {"value": "IP"},
 "ipodlike": {"value": "類似 iPod"},
 "ipodlikecaption": {"value": "更適用於熟悉 iPod 結構的使用者"},
 "language": {"value": "語言"},
 "languagecaption": {"value": "用於設定和瀏覽樹"},
 "lastdbchange": {"value": "上次資料庫更新"},
 "license1": {"value": "試用版"},
 "license2": {"value": "Twonky Server 版本"},
 "license-201": {"value": "無效註冊碼。"},
 "license-202": {"value": "您無法使用 TwonkyMusic 授權註冊 Twonky Server。"},
 "license-203": {"value": "此註冊碼對此版本的伺服器無效。"},
 "license-204": {"value": "此註冊碼對此版本的伺服器無效。"},
 "license-205": {"value": "此註冊碼已由伺服器的另一個實例所使用。"},
 "license-206": {"value": "您的試用版已經過期。如果您之前已經輸入了授權註冊碼，請嘗試重新啟動執行 Twonky Server 的裝置。"},
 "license3": {"value": "Twonky Server 與 TwonkyManager Lite 版"},
 "license4": {"value": "Twonky Server 與 TwonkyManager Full 版"},
 "licenseinfo": {"value": "授權資訊"},
 "licensekey": {"value": "授權註冊碼"},
 "licensekeycaption": {"value": "請輸入授權註冊碼以啟動該軟體。如果沒有提供授權，可以透過訪問 www.twonky.com 執行獲取。"},
 "licensinginfo": {"value": "授權資訊"},
 "local_folder": {"value": "本機資料夾"},
 "local_syncfolder_desc": {"value": "<b>本機資料夾：</b>  輸入資料夾在此電腦中所處的路徑。例如，&quot;c:\\videos&quot;。"},
 "loggedinas": {"value": "登入為"},
 "logging": {"value": "正在記錄日誌"},
 "login": {"value": "登入"},
 "loginneededcaption": {"value": "您的 Twonky 帳戶已啟動，但是您未登入。"},
 "mac": {"value": "MAC"},
 "mediareceivers": {"value": "媒體接收器"},
 "minutes": {"value": "分鐘"},
 "mirror": {"value": "自動複製"},
 "mirrorcaption": {"value": "建立其他伺服器中內容的複本並將其儲存到本裝置，以便在其他伺服器不在網路中時仍可以使用這些媒體檔案。"},
 "mirrorrecommended": {"value": "擁有可能會暫時離開網路的伺服器的使用者，例如筆記型電腦或行動電話中的伺服器。使用該選項後，Twonky Mobile 的使用者可以將圖片、視訊及音樂自動從他們的 Apple 或 Android 裝置複製到家庭伺服器。"},
 "mobile": {"value": "行動"},
 "mobilecaption": {"value": "適用於行動裝置的最佳選擇"},
 "mpeglicense": {"value": "MPEG Layer-3 音訊編碼技術得到 Fraunhofer IIS 和 Thomson 授權。"},
 "music": {"value": "音樂"},
 "myexperience": {"value": "改進我的體驗"},
 "myexperience_desc": {"value": "您可以透過讓 Twonky 產品自動向我們傳送關於產品使用及您家中裝置類型的資訊來幫助我們改進您對產品的體驗。該資料不會包含可以識別您或所播放媒體的資訊。PacketVideo 不會與其他公司共用該資訊，它只供 PacketVideo 以整體形式使用以改進我們的產品。<br><br>參加「客戶體驗回饋」是完全自願的。您可以註冊參加，或在註冊之後的任何時間停止參加。"},
 "mylibrary": {"value": "我的庫"},
 "mytwonky.com": {"value": "Twonky.com"},
 "mytwonkyaccount": {"value": "Twonky 帳戶"},
 "navtree": {"value": "瀏覽樹"},
 "navtreecaption": {"value": "下列設定將用作所有最新媒體接收器的預設設定。各媒體接收器的具體值可以在「共用」-「媒體接收器」中執行設定。"},
 "navtype": {"value": "瀏覽類型"},
 "networkinterfaces": {"value": "網路接口"},
 "nicrestart": {"value": "NIC 變更後重新啟動"},
 "nicrestartcaption": {"value": "啟用/停用在 NIC 變更後動態重新啟動伺服器。注意重新啟動伺服器會導致流中斷！"},
 "no": {"value": "否"},
 "no_syncfolders": {"value": "還未在該伺服器上選擇執行同步的資料夾。可以選擇下列資料夾。"},
 "no_user_added": {"value": "還未建立執行同步的使用者帳戶。可以按一下下面的 &quot;加入新的使用者&quot; 按鈕執行建立。"},
 "noactivestreams": {"value": "沒有流"},
 "nomusic": {"value": "沒有要顯示的音樂。"},
 "nophotos": {"value": "沒有要顯示的圖片。"},
 "notchanged": {"value": "部分變更無法儲存。"},
 "novideos": {"value": "沒有要顯示的視訊。"},
 "of": {"value": "/"},
 "ok": {"value": "確定"},
 "onlineservices": {"value":"在線服務"},
 "parentdir": {"value": "父資料夾"},
 "password": {"value": "密碼"},
 "photo": {"value": "圖片"},
 "photos": {"value": "圖片"},
 "play": {"value": "播放"},
 "pleaselogin": {"value": "請訪問 myTwonky"},
 "portalconnecting": {"value": "正在檢查狀態…"},
 "portaldisabled": {"value": "門戶被停用"},
 "portaldisassociate": {"value": "從該帳戶中斷連線"},
 "premiumserver": {"value": "Twonky Server Premium"},
 "receivertype": {"value": "媒體接收器類型"},
 "recommendedfor": {"value": "建議用於"},
 "registerserver": {"value": "註冊伺服器"},
 "registrationoptional": {"value": "註冊您的伺服器"},
 "registrationoptionalcaption": {"value": "已安裝了 Twonky Server，但是未連線到 在線服務。註冊後可以使用更多功能。"},
 "registrationrequired": {"value": "要求註冊"},
 "registrationrequiredcaption": {"value": "已安裝了 Twonky Server，但是未啟動。要啟動您的 Twonky Server，請登入 myTwonky.com 或註冊。在沒有註冊的情況下，您的伺服器將無法執行。"},
 "reload_config": {"value": "重新載入設定"},
 "reload_failed": {"value": "無法載入。請稍候重試。"},
 "removablemedia": {"value": "可移動媒體"},
 "removablemediacaption": {"value": "啟用該功能後，Twonky Server 將自動共用可移動媒體裝置（例如 USB 記憶棒）中的所有媒體檔案。拔出該裝置時，其媒體檔案將不再出現在伺服器中。"},
 "renewlicense": {"value": "您必須在 {0} 小時 {1} 分鐘內訪問 myTwonky.com 以更新您的授權。"},
 "renewlicenseindays": {"value": "您必須在 {0} 天之內訪問 myTwonky.com 以更新您的授權。"},
 "rescancaption": {"value": "此選項指定服務器重新掃描的方式。如果設為 0，將停用自動重新掃描。正值將指定重新掃描內容資料夾的週期（分鐘）。-1 將讓伺服器自動檢查內容資料夾中的最新內容，無需重新掃描。"},
 "rescancontent": {"value": "重新掃描內容資料夾"},
 "rescaninterval": {"value": "重新掃描間隔"},
 "resetdefaults": {"value": "還原至預設值"},
 "resetlist": {"value": "還原清單"},
 "resetprompt": {"value": "將所有設定還原為預設值？此操作無法撤銷。"},
 "restartpending": {"value": "伺服器等待重新啟動"},
 "restartprompt": {"value": "請注意，所應用的一些變更只有在服務器重新啟動後才會生效。<br /><br />是否要立即重新啟動？"},
 "restartserver": {"value": "重新啟動伺服器"},
 "rights": {"value": "權限"},
 "rights_desc": {"value": "<b>權限：</b>  您可以為資料夾設定存取權限。選擇讀寫權限或唯讀權限。"},
 "rmautoshare": {"value": "自動共用可移動媒體"},
 "savechanges": {"value": "儲存變更"},
 "saveprompt": {"value": "您所作的變更尚未儲存。希望儲存這些變更還是放棄？"},
 "seconds": {"value": "秒"},
 "securedcaption": {"value": "您可以透過使用者名稱與密碼保護 Twonky Server 設定頁面，以及限制對同步操作的存取。"},
 "securedserversettings": {"value": "保護伺服器設定"},
 "select": {"value": "選擇"},
 "selectfolder": {"value": "選擇要共用的資料夾"},
 "selectsyncfolder": {"value": "選擇用於執行同步的資料夾。 "},
 "server_build_date": {"value": "伺服器產生日期"},
 "servermaintenance": {"value": "伺服器維護"},
 "servername": {"value": "伺服器名稱"},
 "serverrestarting": {"value": "伺服器正在重新啟動，請稍候。"},
 "serversettings": {"value": "伺服器設定"},
 "settings": {"value": "設定"},
 "setup": {"value": "設定"},
 "sharedfolders": {"value": "共用資料夾"},
 "sharedfolderscaption": {"value": "下列資料夾中的媒體可用於網路中的其他裝置。您可以限制各資料夾中可以共用的媒體類型。取消選中左邊的方塊將停用對該資料夾中媒體的存取。<br/><br/>如果已將網路中的另一台伺服器設定為以一個集合形式顯示所有伺服器的媒體，則選中右邊的方塊將使該資料夾中的媒體可以用於「彙總」。如需有關此功能的更多資訊，請轉至「彙總」功能表。"},
 "shareforagg": {"value": "可用於彙總"},
 "sharing": {"value": "共用"},
 "sharingCaption": {"value": "定義本機網路上共用的媒體。"},
 "show": {"value": "顯示"},
 "simpledefault": {"value": "經典型媒體瀏覽"},
 "simpledefaultcaption": {"value": "適用於小型庫"},
 "songs": {"value": "曲目"},
 "status": {"value": "狀態"},
 "status_desc": {"value": "Twonky 能夠在執行特定 Twonky 應用程式的裝置之間執行無線的內容同步。您需要在運用此功能的每個 Twonky 應用程式中對同步設定執行設定。在此頁面上，您可以設定該裝置中希望用於執行同步的資料夾。您還需要在另外的應用程式（例如 Twonky Mobile）中設定同步設定才能完成設定工作。請參閱該應用程式中的說明。<br/><br/>預設情況下，位於使用者預設音樂、圖片與視訊資料夾下的子資料夾 \\Twonky\\Sync 內的所有媒體都將自動用於執行同步。<br/><br/>您可以對下列的同步設定執行個人化設定。"},
 "syncfolder_desc": {"value": "選擇資料夾以使該資料夾中的內容可以供同步應用程式使用。"},
 "syncfolder_name": {"value": "短名稱"},
 "syncfolder_name_desc": {"value": "<b>短名稱：</b>  在同步應用程式中尋找該資料夾的內容時使用的名稱。例如，&quot;My Videos&quot;。"},
 "syncfolder_new_share_info": {"value": "輸入資訊以重新選擇用於同步的資料夾："},
 "syncfolders": {"value": "用於執行同步的資料夾"},
 "synchronization": {"value": "同步"},
 "syncurl": {"value": "同步伺服器 URL"},
 "twitter": {"value": "Twitter"},
 "twonky.com": {"value": "Twonky.com"},
 "twonkyforums": {"value": "Twonky 論壇"},
 "Twonky Server": {"value": "Twonky Server"},
 "Twonky Servertextpart2": {"value": "Special"},
 "update": {"value": "更新"},
 "uptime": {"value": "伺服器執行時間"},
 "user_name_desc": {"value": "<b>使用者名稱：</b>  您可以輸入一個使用者帳號，這樣只有在提供使用者名稱和密碼後才能存取您的內容。如需設定為不需要任何使用者名稱/密碼的開放式存取，請在使用者清單中選擇 &quot;任何&quot;。"},
 "username": {"value": "使用者名稱"},
 "users": {"value": "使用者"},
 "users_desc": {"value": " 使用者帳戶是用來控制對同步時所用資料夾執行的存取。您需要輸入使用者名稱和密碼才能容許應用程式存取這些資料夾。如果不需要考慮安全，您可以為這些資料夾設定匿名存取，這樣就不需要輸入任何使用者名稱或密碼。"},
 "users_subdesc": {"value": "下面的選項可以建立或刪除使用者帳戶。要刪除現存使用者，請從清單中選擇使用者，然後按一下 &quot;刪除&quot;。要新增新使用者帳戶，請按一下 &quot;加入新的使用者&quot; 按鈕並輸入希望使用的使用者名稱和密碼。"},
 "version": {"value": "版本："},
 "video": {"value": "視訊"},
 "videos": {"value": "視訊"},
 "view": {"value": "檢視"},
 "viewlogfile": {"value": "檢視記錄檔"},
 "visit": {"value": "訪問"},
 "wmdrmstatus": {"value": "Windows Media DRM 狀態"},
 "year": {"value": "年："},
 "yes": {"value": "是"},
 "youtube": {"value": "YouTube"}, "mobileApps": {"value": "移動應用程式"},
 "helpCenter": {"value": "說明中心"},
 "servernamecaption": {"value": "為保證媒體播放器能夠顯示正確的伺服器名稱，您只能使用下列字元：字母、數字、空格、句點和/或逗號。"},
 "playbackbeamreportingcaption": {"value": "透過容許 Twonky Server 在不違背 Twonky 隱私策略的前提下共用資訊來改進個人體驗 (Twonky Data Collection Policy)。"},
 "onlinesvcsunavailable": {"value": "在线服务暫时还不支持，請稍後再試。"}
}
