{
 "activestreams": {"value": "Streaming"},
 "activitystatus": {"value": "Status activiteit"},
 "add_new_user": {"value": "Nieuwe gebruiker toevoegen"},
 "add_share": {"value": "Map toevoegen"},
 "addnewfolder": {"value": "Nieuwe map toevoegen"},
 "advanced": {"value": "Geavanceerd"},
 "advanceddefault": {"value": "Geavanceerde medianavigatie"},
 "advanceddefaultcaption": {"value": "Beter en sneller grote bibliotheken openen"},
 "aggregate": {"value": "Samenvoeging"},
 "aggregatecaption": {"value": "Alle samengevoegde inhouditems op een lijst zetten in de navigatieboom van de samenvoegingsserver zonder de bestanden te kopiëren."},
 "aggregaterecommended": {"value": "Gebruikers met meerdere servers die altijd verbonden zijn met en beschikbaar zijn voor het netwerk."},
 "aggregation": {"value": "Samenvoegen"},
 "aggregationcaption": {"value": "Als Samenvoegen is ingeschakeld, verzamelt Twonky Server informatie van alle andere apparaten waarop Twonky Server of Windows Media Server draait en worden alle media van uw netwerk in een uitgebreid overzicht weergegeven.  Deze functie maakt overschakelen tussen verschillende servers overbodig bij het zoeken naar een bepaald media-item. Twonky Server verbergt automatisch dubbele items."},
 "aggregationmode": {"value": "Samenvoegingsmodus"},
 "aggregationmodecaption": {"value": "Standaardmodus voor nieuw gevonden servers."},
 "aggservers": {"value": "Samenvoegingsservers"},
 "aggserverscaption": {"value": "Hieronder is een lijst van Twonky Servers op uw thuisnetwerk die informatie van andere servers verzamelen zodat alle beschikbare media in een overzicht worden weergegeven.  Om uw privacy te beschermen, hebben deze samenvoegingsservers standaard geen toegang tot de media die door deze server worden gedeeld.  Als u uw media zichtbaar wilt maken in het overzicht, moet u toegang verschaffen tot een of meerdere samenvoegingsservers in onderstaande lijst. "},
 "album": {"value": "Album:"},
 "allcontenttypes": {"value": "Alle soorten inhoud"},
 "any": {"value": "Willekeurig"},
 "artist": {"value": "Artiest:"},
 "availableservers": {"value": "Beschikbare servers"},
 "availableserverscaption": {"value": "Lijst van servers op uw thuisnetwerk die door Twonky Server kan samenvoegen. U kunt voor elke server het samen te voegen mediatype en de samenvoegingsmodus kiezen."},
 "browse": {"value": "Browsen"},
 "builddate": {"value": "Build date server"},
 "byfolder": {"value": "Op map"},
 "byfoldercaption": {"value": "Gebruikt uw mappenstructuur"},
 "cachemem": {"value": "Cachegeheugen"},
 "cancel": {"value": "Annuleren"},
 "cdkey": {"value": "Registratiecode"},
 "clearcache": {"value": "Cache wissen"},
 "clearlogfile": {"value": "Logbestand wissen"},
 "clientreset": {"value": "Wacht terwijl de clientlijst wordt ververst."},
 "compilationcaption": {"value": "Maak een lijst met alle mappen die als een muziekverzameling moeten worden behandeld. Scheid de mappen met een komma."},
 "compilationdirs": {"value": "Verzamelmappen"},
 "connect": {"value": "Volg ons"},
 "connectionissue": {"value": "Zorg dat u permanent verbonden bent met het internet om de server te gebruiken."},
 "copyright": {"value": "&copy; 2004-2013 PacketVideo Corporation. Alle rechten voorbehouden."},
 "days": {"value": "dagen"},
 "daysremaining": {"value": "dagen resterend in uw proefversie."},
 "delete": {"value": "Wissen"},
 "detailedstatus": {"value": "Gedetailleerde status"},
 "dialog_admin_acc_could_not_update": {"value": "Beheeraccount kon niet worden bijgewerkt."},
 "dialog_delete_user": {"value": "&quot;{0}&quot; wissen stelt mappen die gekoppeld zijn aan &quot;{1}&quot; op anonieme toegang. Als u dit bevestigt, kunnen deze items zonder authenticatie worden gesynchroniseerd."},
 "dialog_enter_alias_name": {"value": "Voer een alias in."},
 "dialog_enter_share_dir": {"value": "Voer een directory in."},
 "dialog_enter_valid_pw": {"value": "Voer een geldig wachtwoord in."},
 "dialog_enter_valid_un": {"value": "Voer een geldige gebruikersnaam in."},
 "dialog_failed_delete_share": {"value": "Deelfunctie wissen is mislukt."},
 "dialog_failed_to_rem_usr_rights": {"value": "Gebruikersrechten verwijderen is mislukt."},
 "dialog_invalid_share_name_1": {"value": "Ongeldige korte naam. De korte naam moet uit één enkel woord bestaan, zonder meerdere &rsquo;{0}&rsquo; tussen woorden."},
 "dialog_invalid_share_name_2": {"value": "Ongeldige korte naam. De korte naam moet uit één enkel woord bestaan, zonder &rsquo;{0}&rsquo; in de naam."},
 "dialog_invalid_share_path": {"value": "Ongeldig pad."},
 "dialog_portaldisassociatefree": {"value": "Als u de verbinding van deze server met uw myTwonky account verbreekt, is de server niet meer functioneel.</br></br>Weet u zeker dat u de verbinding met deze account wilt verbreken?"},
 "dialog_portaldisassociatepremium": {"value": "Als u de verbinding van deze server met uw myTwonky account verbreekt, worden er een aantal functies van de server verwijderd.</br></br>Weet u zeker dat u de verbinding met deze account wilt verbreken?"},
 "dialog_reserve_user_name": {"value": "&quot;{0}&quot; kan niet als gebruikersnaam worden gebruikt."},
 "dialog_server_req_failed": {"value": "Informatie kon niet van Twonky Server worden gehaald."},
 "dialog_share_added_success": {"value": "Map is met succes toegevoegd."},
 "dialog_user_add_success": {"value": "Gebruiker is met succes toegevoegd."},
 "discardchanges": {"value": "Wijzigingen verwerpen"},
 "enable": {"value": "Inschakelen"},
 "enableaggregation": {"value": "Samenvoeging inschakelen"},
 "enablelogging": {"value": "Logging inschakelen"},
 "enablesharing": {"value": "Deelfunctie automatisch inschakelen voor nieuwe mediareceivers"},
 "enter": {"value": "Invoeren"},
 "enter_valid_pw": {"value": "Voer een geldig wachtwoord in"},
 "enter_valid_un": {"value": "Voer een geldige gebruikersnaam in"},
 "facebook": {"value": "Facebook"},
 "faqs": {"value": "Veelgestelde Vragen"},
 "filesize": {"value": "Bestandsgrootte:"},
 "format": {"value": "Formaat:"},
 "freeserver": {"value": "Twonky"},
 "friendlyname": {"value": "Beschrijvende naam"},
 "genre": {"value": "Genre:"},
 "gethelp": {"value": "Hulp vragen"},
 "here": {"value": "hier"},
 "hide": {"value": "Verbergen"},
 "hours": {"value": "uren"},
 "ignore": {"value": "Negeren"},
 "ignorecaption": {"value": "Niets doen met een nieuw gevonden server."},
 "ignorerecommended": {"value": "Gebruikers die voor elke server op hun netwerk andere instellingen willen bepalen."},
 "inminutes": {"value": "in minuten"},
 "ip": {"value": "IP"},
 "ipodlike": {"value": "iPod-achtig"},
 "ipodlikecaption": {"value": "Beter voor gebruikers die een iPod-structuur verkiezen"},
 "language": {"value": "Taal"},
 "languagecaption": {"value": "Gebruikt voor instellingen en de navigatieboom"},
 "lastdbchange": {"value": "Laatste database-update"},
 "license1": {"value": "Proefversie"},
 "license2": {"value": "Twonky Server versie"},
 "license-201": {"value": "Ongeldige code."},
 "license-202": {"value": "U kunt Twonky Server niet met een TwonkyMusic licentie registreren."},
 "license-203": {"value": "Deze code is niet geldig voor deze versie van de server."},
 "license-204": {"value": "Deze code is niet geldig voor deze versie van de server."},
 "license-205": {"value": "Deze code is al in gebruik voor een ander exemplaar van de server."},
 "license-206": {"value": "Uw proefversie is verlopen. U heeft al eerder een licentiecode ingevoerd. Probeer uw apparaat waarop Twonky Server draait opnieuw op te starten."},
 "license3": {"value": "Twonky Server en TwonkyManager Lite versie"},
 "license4": {"value": "Twonky Server en TwonkyManager Full versie"},
 "licenseinfo": {"value": "Licentie-informatie"},
 "licensekey": {"value": "Licentiecode"},
 "licensekeycaption": {"value": "Voer een licentiecode in om deze software te activeren. Als er geen licentie werd verstrekt, kunt u deze aanvragen bij www.twonky.com."},
 "licensinginfo": {"value": "Licentie-informatie"},
 "local_folder": {"value": "Lokale map"},
 "local_syncfolder_desc": {"value": "<b>Lokale map:</b>  Voer het pad in waarop de map zich bevindt op deze computer. Voorbeeld: &quot;c:\\videos&quot;."},
 "loggedinas": {"value": "U bent ingelogd als"},
 "logging": {"value": "Logging"},
 "login": {"value": "Inloggen"},
 "loginneededcaption": {"value": "Uw Twonky account is geactiveerd, maar u bent niet ingelogd."},
 "mac": {"value": "MAC"},
 "mediareceivers": {"value": "Mediareceivers"},
 "minutes": {"value": "minuten"},
 "mirror": {"value": "Automatisch kopiëren"},
 "mirrorcaption": {"value": "Maak kopieën van inhoud van andere servers en sla deze op dit apparaat op zodat deze mediabestanden ook beschikbaar zijn als de andere server niet op het netwerk zit."},
 "mirrorrecommended": {"value": "Gebruikers met servers die het netwerk tijdelijk kunnen verlaten, zoals een server op een laptop of een mobiele telefoon. Met deze optie kunnen Twonky Mobile gebruikers foto&rsquo;s, video&rsquo;s en muziek van hun Apple- of Android-apparaat naar hun server kopiëren."},
 "mobile": {"value": "Mobiel"},
 "mobilecaption": {"value": "Best geschikt voor mobiele apparaten"},
 "mpeglicense": {"value": "MPEG Layer-3 audio coding technologie in licentie van Fraunhofer IIS en Thomson."},
 "music": {"value": "Muziek"},
 "myexperience": {"value": "Verbeter mijn ervaring"},
 "myexperience_desc": {"value": "U kunt ons helpen uw ervaring met onze producten te verbeteren door dit Twonky-product zodanig in te stellen dat het automatisch informatie toestuurt over de manier waarop deze wordt gebruikt en de soorten apparaten in uw huis. Deze gegevens bevatten geen informatie waaruit u of de media die u afspeelt, kunnen worden afgeleid. PacketVideo deelt deze informatie niet met andere bedrijven en de informatie wordt uitsluitend door PacketVideo in gebundelde vorm gebruikt om onze producten te verbeteren.<br><br>Deelname aan het programma Feedback over klantervaringen (&rsquo;Customer Experience Feedback&rsquo;) is vrijwillig. U kunt zich aanmelden voor deelname aan dit programma of uw deelname op elk gewenst moment intrekken nadat u zich heeft aangemeld."},
 "mylibrary": {"value": "Mijn bibliotheek"},
 "mytwonky.com": {"value": "Twonky.com"},
 "mytwonkyaccount": {"value": "Twonky account"},
 "navtree": {"value": "Navigatieboom"},
 "navtreecaption": {"value": "De volgende instelling wordt standaard voor alle nieuwe mediareceivers gebruikt. Individuele waarden instellen voor elke mediareceiver is mogelijk onder Delen - Mediareceivers."},
 "navtype": {"value": "Type navigatie"},
 "networkinterfaces": {"value": "Netwerkinterfaces"},
 "nicrestart": {"value": "Opnieuw opstarten bij NIC- wijzigingen"},
 "nicrestartcaption": {"value": "De server dynamisch opnieuw opstarten bij een willekeurige NIC-wijziging in- of uitschakelen. NB: Als de server opnieuw wordt opgestart, wordt de stream onderbroken!"},
 "no": {"value": "Nee"},
 "no_syncfolders": {"value": "U heeft op deze server geen mappen geselecteerd voor synchronisatie. Hieronder kunt u mappen selecteren."},
 "no_user_added": {"value": "Er zijn geen gebruikersaccounts aangemaakt voor synchronisatie. Klik op de knop &quot;Nieuwe gebruiker toevoegen&quot; als u een account wilt aanmaken."},
 "noactivestreams": {"value": "Geen streaming"},
 "nomusic": {"value": "Geen muziek weer te geven."},
 "nophotos": {"value": "Geen foto&rsquo;s weer te geven."},
 "notchanged": {"value": "Een aantal van uw wijzigingen kon niet worden opgeslagen."},
 "novideos": {"value": "Geen video&rsquo;s weer te geven."},
 "of": {"value": "van"},
 "ok": {"value": "OK"},
 "onlineservices": {"value":"Online Diensten"},
 "parentdir": {"value": "Bovenliggende map"},
 "password": {"value": "Wachtwoord"},
 "photo": {"value": "Foto"},
 "photos": {"value": "Foto&rsquo;s"},
 "play": {"value": "Afspelen"},
 "pleaselogin": {"value": "Ga naar myTwonky"},
 "portalconnecting": {"value": "Status wordt gecontroleerd..."},
 "portaldisabled": {"value": "Portal uitgeschakeld"},
 "portaldisassociate": {"value": "Verbinding met deze account verbreken"},
 "premiumserver": {"value": "Twonky Server Premium"},
 "receivertype": {"value": "Type mediareceiver"},
 "recommendedfor": {"value": "Aanbevolen voor"},
 "registerserver": {"value": "Server registreren"},
 "registrationoptional": {"value": "Registreer uw server"},
 "registrationoptionalcaption": {"value": "Uw Twonky Server is geïnstalleerd, maar is niet verbonden met Online Diensten. Bij registratie krijgt u toegang tot meer functies."},
 "registrationrequired": {"value": "Registratie vereist"},
 "registrationrequiredcaption": {"value": "Uw Twonky Server is geïnstalleerd, maar niet geactiveerd. Log in of registreer bij myTwonky.com om uw Twonky Server te activeren. Zonder registratie kan uw server niet functioneren."},
 "reload_config": {"value": "Configuratie opnieuw laden "},
 "reload_failed": {"value": "Opnieuw laden is niet mogelijk. Probeer het later opnieuw."},
 "removablemedia": {"value": "Verwisselbare media"},
 "removablemediacaption": {"value": "Als u deze functie inschakelt, deelt Twonky Server automatische alle mediabestanden van een verwisselbaar media-apparaat, zoals een USB memory stick. Als u het apparaat afkoppelt, zijn de mediabestanden van het apparaat niet meer zichtbaar op de server."},
 "renewlicense": {"value": "U moet binnen {0} uur en {1} minuten naar myTwonky.com om uw licentie te verlengen."},
 "renewlicenseindays": {"value": "U moet over {0} dagen naar myTwonky.com gaan om uw licentie te verlengen."},
 "rescancaption": {"value": "Deze optie geeft aan hoe de server opnieuw scannen uitvoert. Als 0 is geselecteerd, is automatisch opnieuw scannen uitgeschakeld. Een positieve waarde geeft de termijn tussen het opnieuw scannen van inhoudsmappen aan in minuten. Met -1 kan de server inhoudsmappen automatisch doorzoeken op nieuwe inhoud zonder opnieuw te moeten scannen."},
 "rescancontent": {"value": "Inhoudsmappen opnieuw scannen"},
 "rescaninterval": {"value": "Interval voor opnieuw scannen"},
 "resetdefaults": {"value": "Standaardinstellingen herstellen"},
 "resetlist": {"value": "Lijst herstellen"},
 "resetprompt": {"value": "Alle instellingen herstellen naar standaard? Dit kan niet ongedaan worden gemaakt."},
 "restartpending": {"value": "Opnieuw opstarten van server aangevraagd"},
 "restartprompt": {"value": "Een aantal van de aangevraagde wijzigingen worden pas doorgevoerd nadat een server opnieuw is opgestart.<br /><br />Wilt u de server nu opnieuw opstarten?"},
 "restartserver": {"value": "Server opnieuw opstarten"},
 "rights": {"value": "Rechten"},
 "rights_desc": {"value": "<b>Rechten:</b>  U kunt toegangsrechten instellen voor de map. Kies toegang met lees- en schrijfrechten of alleen met leesrechten."},
 "rmautoshare": {"value": "Verwisselbare media automatisch delen"},
 "savechanges": {"value": "Wijzigingen opslaan"},
 "saveprompt": {"value": "U heeft wijzigingen aangebracht die niet zijn opgeslagen. Wilt u deze wijzigingen opslaan of verwerpen?"},
 "seconds": {"value": "seconden"},
 "securedcaption": {"value": "U kunt de pagina&rsquo;s met de Twonky Server instellingen en de  toegang tot synchronisatie met een gebruikersnaam en wachtwoord beveiligen."},
 "securedserversettings": {"value": "Beveiligde serverinstellingen"},
 "select": {"value": "Selecteren"},
 "selectfolder": {"value": "Selecteer een map die u wilt te delen"},
 "selectsyncfolder": {"value": "Selecteer een map die u wilt openstellen voor synchronisatie. "},
 "server_build_date": {"value": "Build date server"},
 "servermaintenance": {"value": "Onderhoud van server"},
 "servername": {"value": "Naam server"},
 "serverrestarting": {"value": "Wacht terwijl de server opnieuw wordt opgestart."},
 "serversettings": {"value": "Serverinstellingen"},
 "settings": {"value": "Instellingen"},
 "setup": {"value": "Instellen"},
 "sharedfolders": {"value": "Gedeelde mappen"},
 "sharedfolderscaption": {"value": "Media van onderstaande mappen zijn beschikbaar voor andere apparaten op uw netwerk. U kunt voor elke map beperken welke  mediatypes u deelt. Als u het veld links deselecteert, wordt de toegang tot de media in die map uitgeschakeld. <br/><br/>Als u op uw netwerk een andere server heeft ingesteld om alle servers in een verzameling weer te geven, kunt u door het veld rechts te selecteren de media beschikbaar maken voor Samenvoeging. Meer informatie over deze functie is beschikbaar in het menu Samenvoeging."},
 "shareforagg": {"value": "Beschikbaar voor samenvoeging"},
 "sharing": {"value": "Delen"},
 "sharingCaption": {"value": "Bepaal welke media op uw lokale netwerk worden gedeeld."},
 "show": {"value": "Tonen"},
 "simpledefault": {"value": "Klassieke medianavigatie"},
 "simpledefaultcaption": {"value": "Volstaat voor kleine bibliotheken"},
 "songs": {"value": "Muzieknummers"},
 "status": {"value": "Status"},
 "status_desc": {"value": "Twonky biedt u de mogelijkheid om inhoud te synchroniseren tussen apparaten waarop geselecteerde Twonky-applicaties draaien. U moet de synchronisatie-instellingen in elke Twonky-applicatie configureren met deze functie. Op deze pagina kunt u instellen welke mappen u op dit apparaat wilt openstellen voor synchronisatie. Om het instellen te voltooien, moet u de synchronisatie-instellingen in uw andere applicatie (bijv. Twonky Mobile) configureren. Zie hiervoor de instructies in die applicatie. <br/><br/>Alle media in de submappen \\Twonky\\Sync in de standaard muziek-, afbeelding- en videomappen van de gebruiker zijn standaard automatisch beschikbaar voor synchronisatie.<br/><br/>Hieronder kunt u uw synchronisatie-instellingen personaliseren."},
 "syncfolder_desc": {"value": "Selecteer een map waarvan u de inhoud beschikbaar wilt stellen voor synchronisatie-applicaties."},
 "syncfolder_name": {"value": "Korte naam"},
 "syncfolder_name_desc": {"value": "<b>Korte naam:</b> De naam die u gebruikt om de inhoud van deze map te vinden met uw synchronisatie-applicatie. Voorbeeld: &quot;Mijn video&rsquo;s&quot;."},
 "syncfolder_new_share_info": {"value": "Voer informatie in om een nieuwe map te selecteren voor synchronisatie:"},
 "syncfolders": {"value": "Mappen opengesteld voor synchronisatie"},
 "synchronization": {"value": "Sync"},
 "syncurl": {"value": "URL synchronisatieserver"},
 "twitter": {"value": "Twitter"},
 "twonky.com": {"value": "Twonky.com"},
 "twonkyforums": {"value": "Twonky Forum"},
 "Twonky Server": {"value": "Twonky Server"},
 "Twonky Servertextpart2": {"value": "Special"},
 "update": {"value": "Update"},
 "uptime": {"value": "Uptime server"},
 "user_name_desc": {"value": "<b>Gebruikersnaam:</b> U kunt een individueel gebruikersaccount invoeren waarbij verplicht een gebruikersnaam en wachtwoord moet worden opgegeven voor beveiligde toegang tot uw inhoud. Voor vrije toegang zonder gebruikersnaam/wachtwoord, selecteert u &quot;Willekeurig&quot; in de gebruikerslijst."},
 "username": {"value": "Gebruikersnaam"},
 "users": {"value": "Gebruikers"},
 "users_desc": {"value": "Gebruikersaccounts worden gebruikt om de toegang te controleren tot mappen die beschikbaar zijn voor synchronisatie. U moet een gebruikersnaam en wachtwoord invoeren om applicaties toegang te verschaffen tot deze mappen. Als beveiliging geen punt is, kunt u anonieme toegang toestaan voor deze mappen zodat u geen gebruikersnaam of wachtwoord hoeft in te voeren."},
 "users_subdesc": {"value": "Hieronder kunt u gebruikersaccounts aanmaken of wissen. Om een bestaande gebruiker te wissen, selecteert u de gebruiker in de lijst en klikt u op &quot;Wissen&quot;. Om een nieuw gebruikersaccount toe te voegen, klikt u op de knop &quot;Nieuwe gebruiker toevoegen&quot;. Voer vervolgens de gebruikersnaam en het wachtwoord van uw keuze in."},
 "version": {"value": "Versie:"},
 "video": {"value": "Video"},
 "videos": {"value": "Video&rsquo;s"},
 "view": {"value": "Weergeven"},
 "viewlogfile": {"value": "Logbestand weergeven"},
 "visit": {"value": "Bezoeken"},
 "wmdrmstatus": {"value": "Status Windows Media DRM"},
 "year": {"value": "Jaar:"},
 "yes": {"value": "Ja"},
 "youtube": {"value": "YouTube"},
 "mobileApps": {"value": "Mobiele apps"},
 "helpCenter": {"value": "Hulpcentrum"},
 "servernamecaption": {"value": "Gebruik alleen de volgende tekens om te verzekeren dat uw mediaspeler de juiste servernaam toont: letters, cijfers, spaties, punten en/of komma's."},
 "playbackbeamreportingcaption": {"value": "Verbeter mijn ervaring door Twonky Server toestemming te geven om informatie te delen volgens het Twonky Privacybeleid (Twonky Data Collection Policy)."},
 "onlinesvcsunavailable": {"value": "Online services zijn momenteel niet beschikbaar, probeer het later opnieuw."}
}
