{
 "activestreams": {"value": "Streaming"},
 "activitystatus": {"value": "סטטוס הפעילות"},
 "add_new_user": {"value": "להוסיף משתמש חדש"},
 "add_share": {"value": "להוסיף תיקייה"},
 "addnewfolder": {"value": "להוסיף תיקייה חדשה"},
 "advanced": {"value": "מתקדם"},
 "advanceddefault": {"value": "ניווט של המדיה המתקדם"},
 "advanceddefaultcaption": {"value": "הטוב והמהיר ביותר עבור התיקיות הגדולות"},
 "aggregate": {"value": "צבירה"},
 "aggregatecaption": {"value": "רשימה של כל פריטי תוכן מצטברים בעץ הניווט של שרת צבירה מבלי להעתיק את הקבצים."},
 "aggregaterecommended": {"value": "משתמשים בעלי מספר רב של שרתים המחוברים וזמינים ברשת."},
 "aggregation": {"value": "צבירה"},
 "aggregationcaption": {"value": "כאשר צבירת מופעלת, Twonky Server מוסיף מידע מכל מכשיר אחר פועל Twonky Server או Windows Media Player ומציג את כל אמצעי התקשורת הקיימים של הרשת בתצוגה אחת מקיפה. באמצעות תכונה זו, לא יהיה צורך לעבור בין שרתים שונים בעת חיפוש פריט התקשורת. Twonky Server באופן אוטומטי להסתיר כפילויות."},
 "aggregationmode": {"value": "מצב צבירה"},
 "aggregationmodecaption": {"value": "מצב ברירת המחדל עבור שרתים שהתגלו לאחרונה."},
 "aggservers": {"value": "שרתי צבירה"},
 "aggserverscaption": {"value": "להלן רשימה של Twonky Servers ברשת הביתית שלך שאסופים מידע משרתים אחרים על מנת לספק תצוגה מקיפה של כל המדיה הזמינה. כדי להגן על פרטיותך, כברירת מחדל שרתי צבירה לא יכולים לגשת למדיה המשותף בשרת זה. אם המדיה שלך צריך להיות גלוי לאור מקיף, אתה צריך להעניק גישה עבור שרתי צבירה ברשימה להלן. "},
 "album": {"value": "אלבום:"},
 "allcontenttypes": {"value": "כל סוגי תוכן"},
 "any": {"value": "Any"},
 "artist": {"value": "אומן:"},
 "availableservers": {"value": "שרתים זמינים"},
 "availableserverscaption": {"value": "רשימת השרתים של הרשת המקומית שניתן לצבור על ידי Twonky Server. עבור כל שרת ניתן לבחור את סוג המדיה לצבירה כמו גם מצב הצבירה."},
 "browse": {"value": "דפדף"},
 "builddate": {"value": "תאריך בניית השרת"},
 "byfolder": {"value": "לפי תיקיות"},
 "byfoldercaption": {"value": "משתמש במבנה התיקיות שלך"},
 "cachemem": {"value": "זיכרון מטמון"},
 "cancel": {"value": "לבטל"},
 "cdkey": {"value": "מפתח רישום"},
 "clearcache": {"value": "נקה הזיכרון המטמון"},
 "clearlogfile": {"value": "נקה קובץ יומן"},
 "clientreset": {"value": "אנא המתן, רשימת הלקוחות ברענון."},
 "compilationcaption": {"value": "רשימה של כל התיקיות הקומפילציה של המוסיקה. השתמש בפסיק כדי להפריד התיקיות."},
 "compilationdirs": {"value": "תיקיות הקומפילציה"},
 "connect": {"value": "עקוב אחרינו"},
 "connectionissue": {"value": "נא להישאר מחובר לאינטרנט כדי להשתמש בשרת."},
 "copyright": {"value": "&copy; 2004-2013 PacketVideo Corporation. כל הזכויות שמורות."},
 "days": {"value": "ימים"},
 "daysremaining": {"value": "ימים נותרו."},
 "delete": {"value": "למחוק"},
 "detailedstatus": {"value": "מפורט מצב"},
 "dialog_admin_acc_could_not_update": {"value": "חשבון Admin לא יכול להיות מעודכן."},
 "dialog_delete_user": {"value": "Deleting &quot;{0}&quot; will set anonymous access for folders associated with &quot;{1}&quot;. If you confirm, syncing with these folders will not require any authentication."},
 "dialog_enter_alias_name": {"value": "אנא הכנס את השם הכינוי."},
 "dialog_enter_share_dir": {"value": "אנא הכנס תיקיה."},
 "dialog_enter_valid_pw": {"value": "אנא הזן את סיסמה תקפה."},
 "dialog_enter_valid_un": {"value": "אנא הזן את שם המשתמש תקף."},
 "dialog_failed_delete_share": {"value": "מחיקת שיתוף לא הצליחה."},
 "dialog_failed_to_rem_usr_rights": {"value": "הסרת ההרשאות לא הצליחה."},
 "dialog_invalid_share_name_1": {"value": "שם קיצור לא חוקי. שם קיצור צריך להיות במילה אחת."},
 "dialog_invalid_share_name_2": {"value": "שם קיצור לא חוקי. שם קיצור צריך להיות במילה אחת."},
 "dialog_invalid_share_path": {"value": "הנתיב לא חוקי."},
 "dialog_portaldisassociatefree": {"value": "ניתוק שרת מחשבון Twonky תשבית פונקציונליות השרת.</br></br>האם אתה בטוח שרוצה לנתק את החשבון הזה?"},
 "dialog_portaldisassociatepremium": {"value": "ניתוק השרת מחשבון Twonky תסיר כמה תכונות מהשרת שלך.</br></br>האם אתה בטוח שרוצה לנתק את החשבון הזה?"},
 "dialog_reserve_user_name": {"value": "&quot;{0}&quot; לא ניתן להשתמש בו כשם המשתמש."},
 "dialog_server_req_failed": {"value": "נכשל בקבלת מידע מ- Twonky Server."},
 "dialog_share_added_success": {"value": "התיקיה נוספה בהצלחה."},
 "dialog_user_add_success": {"value": "משתמש נוסף בהצלחה."},
 "discardchanges": {"value": "לבטל את השינויים"},
 "enable": {"value": "לאפשר"},
 "enableaggregation": {"value": "לאפשר צבירה"},
 "enablelogging": {"value": "לאפשר רישום"},
 "enablesharing": {"value": "לאפשר שיתוף מקלטי המדיה החדשים באופן אוטומטי"},
 "enter": {"value": "הכנס"},
 "enter_valid_pw": {"value": "הזן את סיסמה תקפה"},
 "enter_valid_un": {"value": "הזן את שם המשתמש תקף"},
 "facebook": {"value": "Facebook"},
 "faqs": {"value": "שאלות נפוצות"},
 "filesize": {"value": "גודל הקובץ:"},
 "format": {"value": "פורמט:"},
 "freeserver": {"value": "Twonky"},
 "friendlyname": {"value": "שם ידידותי"},
 "genre": {"value": "ז'אנר:"},
 "gethelp": {"value": "קבלת עזרה"},
 "here": {"value": "כאן"},
 "hide": {"value": "להסתיר"},
 "hours": {"value": "שעות"},
 "ignore": {"value": "להתעלם"},
 "ignorecaption": {"value": "אל תעשה דבר עם שרת שהתגלה לאחרונה."},
 "ignorerecommended": {"value": "משתמשים המעוניינים להגדיר הגדרות שונות עבור כל שרת ברשת שלהם."},
 "inminutes": {"value": "בדקות"},
 "ip": {"value": "IP"},
 "ipodlike": {"value": "כמו האי-פוד"},
 "ipodlikecaption": {"value": "טוב עבור אלה נוח יותר עם ​​מבנה האי-פוד"},
 "language": {"value": "שפה"},
 "languagecaption": {"value": "משמש להגדרות ועץ ניווט"},
 "lastdbchange": {"value": "עידכון מאגר אחרון"},
 "license1": {"value": "גרסת ניסיון"},
 "license2": {"value": "גרסה Twonky Server"},
 "license-201": {"value": "מפתח לא חוקי."},
 "license-202": {"value": "אתה לא יכול לרשום Twonky Server עם רישיון TwonkyMusic."},
 "license-203": {"value": "מפתח זה אינו תקף עבור גירסה זו של השרת."},
 "license-204": {"value": "מפתח זה אינו תקף עבור גירסה זו של השרת."},
 "license-205": {"value": "מפתח זה נמצא כבר בשימוש על ידי מופע אחר של השרת."},
 "license-206": {"value": "גירסת הניסיון שלך פגה. אם הזנת בעבר מפתח רישיון, נסה להפעיל מחדש את המכשיר בו רץ Twonky Server."},
 "license3": {"value": "Twonky Server ו TwonkyManager  גרסה לייט"},
 "license4": {"value": "Twonky Server ו TwonkyManager  גרסה מלאה"},
 "licenseinfo": {"value": "מידע על רישיון"},
 "licensekey": {"value": "מפתח הרישיון"},
 "licensekeycaption": {"value": "אנא הכנס מפתח רישיון להפעיל את התוכנה. אם המפתח לא קיים, ניתן להשיג אחד באתר www.twonky.com."},
 "licensinginfo": {"value": "מידע על הרישיון"},
 "local_folder": {"value": "תיקייה מקומית"},
 "local_syncfolder_desc": {"value": "<b>תיקייה מקומית:</b>  הזן את הנתיב שבו נמצאת התיקייה במחשב זה. למשל, c:\\videos."},
 "loggedinas": {"value": "אתה מחובר כ"},
 "logging": {"value": "רישום"},
 "login": {"value": "התחבר"},
 "loginneededcaption": {"value": "החשבון Twonky שלך מופעל, אבל אתה לא מחובר."},
 "mac": {"value": "MAC"},
 "mediareceivers": {"value": "המקלטים של המדיה"},
 "minutes": {"value": "דקות"},
 "mirror": {"value": "לעתיק אוטומטי"},
 "mirrorcaption": {"value": "יצירת עותקים של תכנים מהשרתים האחרים ולאחסן אותם על המכשיר הזה, כך אלה קבצי מדיה זמינים גם אם השרת השני הוא לא ברשת."},
 "mirrorrecommended": {"value": "משתמשים עם שרתי שעשויים להתנתק באופן זמני מן הרשת, כגון שרת על מחשב נייד או טלפון נייד. באמצעות אפשרות זו, משתמשים Twonky Mobile יכולים להעתיק באופן אוטומטי תמונות, קטעי וידאו ומוסיקה מאפל או מכשיר אנדרואיד לשרת הביתי."},
 "mobile": {"value": "ניידים"},
 "mobilecaption": {"value": "הטוב ביותר עבור התקנים ניידים"},
 "mpeglicense": {"value": "MPEG Layer-3 טכנולוגיית קידוד האודיו מורשה של Fraunhofer IIS ו-Thomson."},
 "music": {"value": "מוסיקה"},
 "myexperience": {"value": "שפר את הניסיון שלי"},
 "myexperience_desc": {"value": "You can help us improve your experience with our products by having this Twonky product automatically send us information about how it is being used and the types of devices in your home. This data contains no information that identifies you or the media you play. PacketVideo does not share this information with other companies; it is used only by PacketVideo in aggregate form to improve our products.<br><br>Participation in the Customer Experience Feedback is voluntary. You may sign up to participate or discontinue participation after having previously signed up at any time."},
 "mylibrary": {"value": "הספריה שלי"},
 "mytwonky.com": {"value": "Twonky.com"},
 "mytwonkyaccount": {"value": "חשבון Twonky"},
 "navtree": {"value": "עץ ניווט"},
 "navtreecaption": {"value": ".ההגדרה הבאה תשמש כברירת המחדל עבור כל מקלטי מדיה חדשים"},
 "navtype": {"value": "סוג הניווט"},
 "networkinterfaces": {"value": "ממשקי הרשת"},
 "nicrestart": {"value": "Restart on NIC changes"},
 "nicrestartcaption": {"value": "Enable/disable dynamic restart of the server on any NIC change. Note that server restart will result in stream interruption!"},
 "no": {"value": "לא"},
 "no_syncfolders": {"value": "לא בחרת תיקיות לסנכרון בשרת זה. ניתן לבחור תיקיות להלן."},
 "no_user_added": {"value": "חשבונות המשתמש לא נוצרו עבור הסינכרון. לחץ על להוסיף משתמש חדש כדי ליצור אחד."},
 "noactivestreams": {"value": "לא פעיל"},
 "nomusic": {"value": "אין מוסיקה לתצוגה."},
 "nophotos": {"value": "אין תמונות לתצוגה."},
 "notchanged": {"value": "חלק מן השינויים לא נשמרו."},
 "novideos": {"value": "אין וידאו לתצוגה."},
 "of": {"value": "of"},
 "ok": {"value": "אישור"},
 "parentdir": {"value": "תיקיית האב"},
 "password": {"value": "סיסמה"},
 "photo": {"value": "תמונות"},
 "photos": {"value": "תמונות"},
 "play": {"value": "לנגן"},
 "pleaselogin": {"value": "אנא בקר myTwonky"},
 "portalconnecting": {"value": "בדיקת מצב..."},
 "portaldisabled": {"value": "פורטל מושבת"},
 "portaldisassociate": {"value": "נתק מחשבון זה"},
 "premiumserver": {"value": "Twonky Server פרימיום"},
 "receivertype": {"value": "סוג של המקלט המדיה"},
 "recommendedfor": {"value": "מומלץ ל"},
 "registerserver": {"value": "הרשם שרת"},
 "registrationoptional": {"value": "הרשמת השרת"},
 "registrationoptionalcaption": {"value": "השרת מותקן, אבל לא מחובר. על ידי הרשמה תקבל גישה אל תכונות נוספות."},
 "registrationrequired": {"value": "נדרש רישום"},
 "registrationrequiredcaption": {"value": "Twonky Server מותקן, אבל לא מופעל. כדי להפעיל Twonky Server שלך, אנא היכנס או הירשם ב- myTwonky.com. ללא רישום, השרת שלך לא יהיה פונקציונלי."},
 "reload_config": {"value": "לחדש את התצורה"},
 "reload_failed": {"value": "לא יכול לטעון מחדש. אנא נסה שוב מאוחר יותר."},
 "removablemedia": {"value": "המדיה הנייד"},
 "removablemediacaption": {"value": "על ידי הפעלת תכונה זו, Twonky Server באופן אוטומטי ישתף את כל קבצי המדיה מהמכשיר המדיה הנייד, כגון זיכרון USB סטיק. לאחר ניתוק את המכשיר, קבצי המדיה שלו לא יופיעו עוד בשרת."},
 "renewlicense": {"value": "עליך לבקר myTwonky.com ב {0} שעות {1} דקות לחדש את הרישיון שלך."},
 "renewlicenseindays": {"value": "עליך לבקר myTwonky.com ב {0} ימים כדי לחדש את הרישיון שלך."},
 "rescancaption": {"value": "אפשרות זו מציינת את ההתנהגות לסרוק מחדש של השרת. אם מוגדר 0, לסרוק מחדש אוטומטי אינה זמינה. ערך חיובי מציין את התקופה שבין הסריקות של התיקיות בדקות. -1 מאפשר לשרת לראות תוכן של התיקיות  באופן אוטומטי ללא צורך בסריקה מחדש."},
 "rescancontent": {"value": "סרוק מחדש את התוכן התיקיות"},
 "rescaninterval": {"value": "מרווח סריקה מחדש"},
 "resetdefaults": {"value": "חזור לערכי ברירת המחדל"},
 "resetlist": {"value": "לאפס את הרשימה"},
 "resetprompt": {"value": "לאפס את כל הגדרות ברירת המחדל? זה לא ניתן לבטל."},
 "restartpending": {"value": "הפעלה מחדש של שרת ממתינה"},
 "restartprompt": {"value": "חלק מהשינויים יכנסו לתוקף לאחר הפעלה מחדש של השרת.<br /><br />האם ברצונך להפעיל מחדש כעת?"},
 "restartserver": {"value": "הפעל מחדש את השרת"},
 "rights": {"value": "הרשאות"},
 "rights_desc": {"value": "<b>הרשאות:</b>  ניתן להגדיר הרשאות גישה עבור התיקייה. בחר לקרוא וגם לכתוב, או גישת קריאה בלבד."},
 "rmautoshare": {"value": "לאפשר שיתוף המדיה הנייד באופן אוטומטי"},
 "savechanges": {"value": "שמור שינוים"},
 "saveprompt": {"value": "ביצעת שינויים שלא נשמרו. האם ברצונך לשמור או לבטל את השינויים האלה?"},
 "seconds": {"value": "שניות"},
 "securedcaption": {"value": "ניתן לאבטח Twonky Server, כמו גם גישה לסנכרן עם שם משתמש וסיסמה."},
 "securedserversettings": {"value": "הגדרות שרת המאובטח"},
 "select": {"value": "לבחור"},
 "selectfolder": {"value": "בחר תיקייה לשתף"},
 "selectsyncfolder": {"value": "בחר תיקיה כדי להפוך אותו לנגיש עבור סינכרון. "},
 "server_build_date": {"value": "תאריך בניית השרת"},
 "servermaintenance": {"value": "תחזוקת שרת"},
 "servername": {"value": "שם השרת"},
 "serverrestarting": {"value": "אנא המתן, השרת מופעל מחדש."},
 "serversettings": {"value": "הגדרות שרת"},
 "settings": {"value": "הגדרות"},
 "setup": {"value": "הגדרות התקנה"},
 "sharedfolders": {"value": "תיקיות משותפות"},
 "sharedfolderscaption": {"value": "המדיה מהתיקיות הבאות יהיה זמין למכשירים אחרים ברשת. ניתן להגביל את סוגי המדיה שאתה משתף מכל תיקייה. ביטול הסימון בתיבה משמאל תשבית גישה לתקשורת בתיקיה זו. <br/><br/>אם יש לך שרת אחר על הסט הרשת כדי להציג מדיה מכל השרתים אוסף אחד, סימון התיבה בצד ימין תעשה התקשורת בתיקייה זו זמינים עבור צבירה. לקבלת מידע נוסף על תכונה זו, אנא גש לתפריט צבירה."},
 "shareforagg": {"value": "זמין עבור צבירה"},
 "sharing": {"value": "ראשי"},
 "sharingCaption": {"value": "הגדר את המדיה המשותף ברשת המקומית."},
 "show": {"value": "להציג"},
 "simpledefault": {"value": "ניווט של המדיה הקלאסית"},
 "simpledefaultcaption": {"value": "מספיק לספריות קטנות"},
 "songs": {"value": "שירים"},
 "status": {"value": "מפרט טכני"},
 "status_desc": {"value": "Twonky מאפשר לך לסנכרן תוכן באופן אלחוטי בין ההתקנים המריצים יישומי Twonky נבחרים. צריך להגדיר הגדרות סינכרון של כל יישום Twonky משתמש בתכונה זו. בדף זה ניתן להגדיר את התיקיות נגישות לסינכרון. כדי להשלים את ההתקנה תצטרך להגדיר את ההגדרות הסנכרון ביישום אחר, כגון Twonky Mobile. אנא עיין בהוראות בתוך היישום. <br/><br/>כברירת מחדל, כל המדיה ממוקמת תיקיות משנה את Twonky\\Sync\\ בתוך תיקיות ברירת המחדל של מוסיקה, תמונות ווידאו באופן אוטומטי יהיה זמין עבור הסנכרון.<br/><br/>ניתן להתאים אישית את ההגדרות הסנכרון שלך מטה."},
 "syncfolder_desc": {"value": "לבחור תיקיה שהתוכן שלה תהיה זמין לסנכרן יישומים."},
 "syncfolder_name": {"value": "שם קיצור"},
 "syncfolder_name_desc": {"value": "<b>שם קיצור:</b>  שם שניתן להשתמש בו כדי למצוא את התוכן של התיקייה עבור יישום הסינכרון שלך. לדוגמה, My Videos."},
 "syncfolder_new_share_info": {"value": "הזן מידע עבור תיקיה החדשה של הסינכרון:"},
 "syncfolders": {"value": "תיקיות נגישות עבור סינכרון"},
 "synchronization": {"value": "סנכרן"},
 "syncurl": {"value": "כתובת של השרת הסנכרון"},
 "twitter": {"value": "Twitter"},
 "twonky.com": {"value": "Twonky.com"},
 "twonkyforums": {"value": "פורום Twonky"},
 "Twonky Server": {"value": "Twonky Server"},
 "Twonky Servertextpart2": {"value": "ספיישל"},
 "update": {"value": "עדכן"},
 "uptime": {"value": "זמן עליית השרת"},
 "user_name_desc": {"value": "<b>שם המשתמש:</b>  ניתן להזין חשבון המשתמש יחיד עם שם המשתמש והסיסמה עבור גישה מאובטחת לתוכן. על גישה פתוחה, ללא כל שם משתמש וללא סיסמה, בחר כל מהרשימת המשתמשים."},
 "username": {"value": "שם המשתמש"},
 "users": {"value": "משתמשים"},
 "users_desc": {"value": " חשבונות המשתמשים משמשים לשלוט בתיקיות הזמינות עבור סינכרון. צריך להזין שם המשתמש והסיסמה כדי להעניק גישה לתיקיות אלה. אם אבטחה היא לא דאגה, ניתן להגדיר גישה אנונימית עבור תיקיות אלה, כך שלא יהיה צורך להזין שם המשתמש או הסיסמה."},
 "users_subdesc": {"value": "ניתן ליצור או למחוק חשבונות המשתמשים להלן. כדי למחוק משתמש קיים, בחר את המשתמש מהרשימה ולחצו על למחוק. כדי להוסיף חשבון משתמש חדש, לחץ על להוסיף משתמש חדש והזן את שם המשתמש ואת הסיסמה הרצויה."},
 "version": {"value": "גרסה:"},
 "video": {"value": "וידאו"},
 "videos": {"value": "קטעי וידאו"},
 "view": {"value": "לצפות"},
 "viewlogfile": {"value": "הצג קובץ יומן"},
 "visit": {"value": "בקר"},
 "wmdrmstatus": {"value": "Windows Media DRM סטטוס"},
 "year": {"value": "שנה:"},
 "yes": {"value": "כן"},
 "youtube": {"value": "YouTube"},
 "cellcomCurrentServer_name": {"value": "<b>שם המחשב המשתף:</b> <serverName>"},
 "cellcomCurrentServer_video": {"value": "כרגע משותפים <files> קבצי וידאו"},
 "cellcomCurrentServer_music": {"value": "כרגע משותפים <files> קבצי מוזיקה"},
 "cellcomCurrentServer_photo": {"value": "כרגע משותפים <files> קבצי תמונות"},
 "cellcomSettingsRestart": {"value": "הפעל מחדש את השרת"},
 "cellcomSettingsRescan": {"value": "סרוק מחדש את התוכן התיקיות"},
 "cellcomSettingsReset": {"value": "חזור לערכי ברירת המחדל"},
 "cellcomSettingsClearCache": {"value": "נקה הזיכרון המטמון"}
}
