{
	"delete": {"value": "Delete"},
	"browse": {"value": "Browse"},
	"user_name": {"value": "User name"},
	"password": {"value": "Password"},
	"select": {"value": "Select"},
	"ok": {"value": "OK"},
	"cancel": {"value": "Cancel"},	
	"selectfolder": {"value": "Select a folder to share"},
	"parentdir": {"value": "Parent Folder"},
	"view": {"value": "View"},
	
	"settings": {"value": "Settings"},
	"visit": {"value": "Visit"},
	"mytwonky.com": {"value": "myTwonky.com"},
	"twonky.com": {"value": "Twonky.com"},
	"connect": {"value": "Connect"},
	"facebook": {"value": "Facebook"},
	"twitter": {"value": "Twitter"},
	"youtube": {"value": "YouTube"},
	"gethelp": {"value": "Get Help"},
	"twonkyforums": {"value": "Twonky-Forum"},
	"faqs": {"value": "FAQs"},
	"licensinginfo": {"value": "Licensing Information"},
	"copyright": {"value": "&copy; 2004-2011 PacketVideo Corporation. All rights reserved."},
	
	"status": {"value": "Status"},
	"users": {"value": "Users"},
	"sharedfolders": {"value": "Shared Folders"},
	"administration": {"value": "Administration"},
	"twonkyserver": {"value": "Twonky-Server"},
	"reload_failed": {"value": "Can not reload. Please try again later."},

	"status_desc": {"value": "Twonky allows you to wirelessly and automatically synchronize content between devices running select Twonky applications. You will just need to enable syncing and set the folders you want to share."},
	"version": {"value": "Version"},
	"port": {"value": "Port"},
	"server_running_since": {"value": "Server Running Since"},
	"server_build_date": {"value": "Server Build Date"},
	"update_language": {"value": "Update Language"},	
	"reload_config": {"value": "Reload Configuration"},	
	"tooltip_reload_config": {"value": "Reloads the configuration files."},
	"tooltip_update_lang": {"value": "Updates to the selected Language."},
	
	"users_desc": {"value": "User accounts are used to control access to shared folders. You will need to enter a username and password to grant applications access to shared folders. If security is not a concern, you can set up anonymous access for shared folders, so that you will not need to enter a username or password."},
	"users_subdesc": {"value": "You can create or delete user accounts through this page. To delete an existing user, select the user from the list and click &quot;Delete&quot;. To add a new user account, click on the &quot;Add New User&quot; button and enter the desired username and password."},
	"add_new_user": {"value": "Add New User"},	
	"tooltip_delete_user": {"value": "Delete selected user."},
	"tooltip_add_user": {"value": "Add new user account."},
	"enter_valid_un": {"value": "Enter valid user-name"},
	"enter_valid_pw": {"value": "Enter valid password"},
	"no_user_added": {"value": "No user accounts are associated with this server. You may click on the &quot;Add New User&quot; button below to create one."},
	
	"shared_folders_desc": {"value": "Create a shared folder to make that folder&rsquo;s content available to other servers on your network."},
	"share_name_desc": {"value": "<b>Share Name:</b>  The name you will use to find this folder&rsquo;s content over the network. For example, &quot;My Videos&quot;."},
	"local_folder_desc": {"value": "<b>Local Folder:</b>  Enter the path where the folder is located on this computer. For example, &quot;c:\\videos&quot;."},
	"user_name_desc": {"value": "<b>User Name:</b>  You can enter a single user account to require a username and password for secure access to your content. For open access without any username / password, select &quot;Any&quot; from the user list."},
	"rights_desc": {"value": "<b>Rights:</b>  You can set access rights for the shared folder. Choose R/W for both read and write access or R/O for read-only access."},
	"no_shares": {"value": "You are not sharing folders on this server. You may enter the information below to create a shared folder."},
	"share_name": {"value": "Share Name"},	
	"local_folder": {"value": "Local Folder"},	
	"rights": {"value": "Rights"},
	"shared_folders_new_share_info": {"value": "Enter information to create a new shared folder:"},
	"add_share": {"value": "Add Share"},
	"tooltip_add_share": {"value": "Add new syncing share."},
	"tooltip_share_name": {"value": "Name for the shared directory."},
	"tooltip_local_folder": {"value": "Enter location path to any local folder."},
	
	"administration_desc": {"value": "You can restrict access to the TwonkyServer configuration pages by setting the following options:"},
	"administration_desc_1": {"value": "Update the administrator username and password used to access this site."},
	"administration_desc_2": {"value": "Allow open access to this configuration site by clicking &quot;Disable Password Check&quot;."},
	"administration_desc_3": {"value": "Reset the site username and password setting to the factory defaults."},	
	"authentication_not_enabled": {"value": "Authentication is not enabled for accessing this configuration site."},	
	"authentication_enabled": {"value": "Authentication is currently enabled for accessing this configuration site."},	
	"update": {"value": "Update"},
	"reset_default_settings": {"value": "Reset to Default Settings"},
	"disable_pw_check": {"value": "Disable Password Check"},
	"admin_name": {"value": "Admin Name"},	
	"authentication_disabled": {"value": "Authentication is disabled for configuration screen access. Enter username and password to enable."},
	"tooltip_update_admin": {"value": "Click to change admin credentials."},
	"tooltip_reset_admin": {"value": "Resets admin credentials to default settings."},
	"tooltip_disable_admin": {"value": "Clicking this disables the need to enter a username/password to access this site."},
	
	"server_unavailable": {"value": "Server Unavailable"},
	"server_unavailable_desc": {"value": "TwonkyServer is temporarily unavailable. Please try refreshing this page or starting the server from the Services menu."},
	
	"dialog_language_updated": {"value": "Language Updated."},
	"dialog_failed_to_rem_usr_rights": {"value": "Failed to remove user rights."},
	"dialog_admin_acc_reset_failed": {"value": "Admin account reset failed."},
	"dialog_admin_acc_reset_default": {"value": "Admin account reset to default."},
	"dialog_enter_valid_un": {"value": "Please enter a valid username."},
	"dialog_enter_valid_pw": {"value": "Please enter a valid password."},
	"dialog_admin_acc_could_not_update": {"value": "Admin account could not be updated."},
	"dialog_admin_acc_update_success": {"value": "Admin account updated successfully."},
	"dialog_admin_acc_already_disabled": {"value": "Admin account is already disabled."},
	"dialog_admin_acc_prob_disabling": {"value": "There was a problem disabling admin access. Please try again."},
	"dialog_admin_acc_disabled": {"value": "Admin access disabled."},
	"dialog_server_req_failed": {"value": "Failed to retrieve information from TwonkyServer."},
	"dialog_share_added_success": {"value": "Share added successfully."},
	"dialog_enter_alias_name": {"value": "Please enter alias name."},
	"dialog_enter_share_dir": {"value": "Please enter share directory."},
	"dialog_invalid_share_path": {"value": "Invalid share path."},
	"dialog_failed_delete_share": {"value": "Failed to delete share."},	
	"dialog_user_add_success": {"value": "User added successfully."},
	"dialog_invalid_share_name_1": {"value": "Invalid Share Name. Share name should be a single word and can&rsquo;t have multiple &rsquo;{0}&rsquo; in between words. For example, &quot;{1}share&quot; or &quot;share&quot; is valid, but &quot;{2}some{3}share{4}&quot; is invalid."},
	"dialog_invalid_share_name_2": {"value": "Invalid Share Name. Share name should be a single word and can not have &rsquo;{0}&rsquo; in the name."},
	"dialog_reserve_user_name": {"value": "&quot;{0}&quot; is a system used keyword and can not be a username for server shares."},
	"dialog_can_not_load_lang": {"value": "Can not load the {0} language file."},
	"dialog_delete_user": {"value": "Deleting &quot;{0}&quot; will set anonymous access for shares associated with &quot;{1}&quot;. If you confirm, these shares will not require any authentication."},
}


